Equipment,Status_Category,Duration,Date
TR021,Delays,1.146388889,1 March 2014
TR021,Delays,0.796111111,1 March 2014
TR021,Direct Operating,10.07833333,1 March 2014
TR021,Direct Operating,8.753611111,1 March 2014
TR021,Planned Maintenance,0.407777778,1 March 2014
TR021,StandBy,0.775833333,1 March 2014
TR021,StandBy,2.0425,1 March 2014
TR022,StandBy,12,1 March 2014
TR022,StandBy,12,1 March 2014
TR025,Delays,0.16,1 March 2014
TR025,Delays,1.035555556,1 March 2014
TR025,Direct Operating,8.345277778,1 March 2014
TR025,Direct Operating,7.889722222,1 March 2014
TR025,Planned Maintenance,0.848611111,1 March 2014
TR025,Planned Maintenance,0.738888889,1 March 2014
TR025,StandBy,2.645555556,1 March 2014
TR025,StandBy,2.335555556,1 March 2014
TR026,Delays,0.896666667,1 March 2014
TR026,Delays,1.530277778,1 March 2014
TR026,Direct Operating,9.005555556,1 March 2014
TR026,Direct Operating,8.474166667,1 March 2014
TR026,Planned Maintenance,0.398888889,1 March 2014
TR026,StandBy,0.574722222,1 March 2014
TR026,StandBy,1.596666667,1 March 2014
TR026,Un-Planned Maintenance,1.523888889,1 March 2014
TR027,Delays,0.869444444,1 March 2014
TR027,Direct Operating,2.587222222,1 March 2014
TR027,Planned Maintenance,10.22472222,1 March 2014
TR027,Planned Maintenance,0.407222222,1 March 2014
TR027,StandBy,1.775277778,1 March 2014
TR027,StandBy,8.136111111,1 March 2014
TR028,Delays,0.895,1 March 2014
TR028,Delays,1.029166667,1 March 2014
TR028,Direct Operating,10.0425,1 March 2014
TR028,Direct Operating,9.778888889,1 March 2014
TR028,Planned Maintenance,0.144166667,1 March 2014
TR028,StandBy,0.918888889,1 March 2014
TR028,StandBy,1.191666667,1 March 2014
TR029,Delays,0.2375,1 March 2014
TR029,Delays,1.201388889,1 March 2014
TR029,Direct Operating,9.1975,1 March 2014
TR029,Direct Operating,7.925,1 March 2014
TR029,Planned Maintenance,0.132222222,1 March 2014
TR029,Planned Maintenance,0.883333333,1 March 2014
TR029,StandBy,2.433333333,1 March 2014
TR029,StandBy,0.770833333,1 March 2014
TR029,Un-Planned Maintenance,1.219166667,1 March 2014
TR030,Delays,0.556388889,1 March 2014
TR030,Delays,1.389444444,1 March 2014
TR030,Direct Operating,9.934444444,1 March 2014
TR030,Direct Operating,9.618055556,1 March 2014
TR030,StandBy,1.509444444,1 March 2014
TR030,StandBy,0.991666667,1 March 2014
TR031,Delays,0.7725,1 March 2014
TR031,Delays,1.301111111,1 March 2014
TR031,Direct Operating,9.9975,1 March 2014
TR031,Direct Operating,9.616666667,1 March 2014
TR031,StandBy,1.229722222,1 March 2014
TR031,StandBy,1.081944444,1 March 2014
TR032,Delays,0.205277778,1 March 2014
TR032,Direct Operating,8.907222222,1 March 2014
TR032,Planned Maintenance,0.5375,1 March 2014
TR032,StandBy,2.35,1 March 2014
TR032,StandBy,12,1 March 2014
TR201,Delays,0.784166667,1 March 2014
TR201,Delays,1.364444444,1 March 2014
TR201,Direct Operating,9.174722222,1 March 2014
TR201,Direct Operating,8.825833333,1 March 2014
TR201,Planned Maintenance,0.077777778,1 March 2014
TR201,Planned Maintenance,0.119166667,1 March 2014
TR201,StandBy,1.825555556,1 March 2014
TR201,StandBy,1.689722222,1 March 2014
TR201,Un-Planned Maintenance,0.1375,1 March 2014
TR202,Delays,0.720555556,1 March 2014
TR202,Delays,0.654722222,1 March 2014
TR202,Direct Operating,9.042777778,1 March 2014
TR202,Direct Operating,9.835555556,1 March 2014
TR202,Planned Maintenance,0.080277778,1 March 2014
TR202,Planned Maintenance,0.114166667,1 March 2014
TR202,StandBy,2.012222222,1 March 2014
TR202,StandBy,1.395555556,1 March 2014
TR202,Un-Planned Maintenance,0.143611111,1 March 2014
TR203,Delays,1.095555556,1 March 2014
TR203,Delays,0.787222222,1 March 2014
TR203,Direct Operating,8.520833333,1 March 2014
TR203,Direct Operating,9.7675,1 March 2014
TR203,Planned Maintenance,0.242777778,1 March 2014
TR203,StandBy,2.140555556,1 March 2014
TR203,StandBy,1.445277778,1 March 2014
TR204,Delays,1.2725,1 March 2014
TR204,Delays,1.14,1 March 2014
TR204,Direct Operating,8.993611111,1 March 2014
TR204,Direct Operating,9.026388889,1 March 2014
TR204,Planned Maintenance,0.108333333,1 March 2014
TR204,Planned Maintenance,0.213888889,1 March 2014
TR204,StandBy,1.626111111,1 March 2014
TR204,StandBy,1.619722222,1 March 2014
TR205,Delays,0.832222222,1 March 2014
TR205,Delays,0.66,1 March 2014
TR205,Direct Operating,8.945,1 March 2014
TR205,Direct Operating,8.150833333,1 March 2014
TR205,Planned Maintenance,0.489166667,1 March 2014
TR205,Planned Maintenance,0.131666667,1 March 2014
TR205,StandBy,1.733888889,1 March 2014
TR205,StandBy,1.792222222,1 March 2014
TR205,Un-Planned Maintenance,1.265555556,1 March 2014
TR206,Delays,1.666944444,1 March 2014
TR206,Delays,0.629166667,1 March 2014
TR206,Direct Operating,6.066944444,1 March 2014
TR206,Direct Operating,9.922777778,1 March 2014
TR206,Planned Maintenance,0.071111111,1 March 2014
TR206,Planned Maintenance,0.089722222,1 March 2014
TR206,StandBy,4.195,1 March 2014
TR206,StandBy,1.358055556,1 March 2014
TR207,Delays,0.18,1 March 2014
TR207,Direct Operating,3.035555556,1 March 2014
TR207,StandBy,0.515833333,1 March 2014
TR207,Un-Planned Maintenance,8.269166667,1 March 2014
TR207,Un-Planned Maintenance,12,1 March 2014
TR208,Delays,2.508611111,1 March 2014
TR208,Delays,0.238611111,1 March 2014
TR208,Direct Operating,7.673055556,1 March 2014
TR208,Direct Operating,0.391388889,1 March 2014
TR208,Planned Maintenance,0.110833333,1 March 2014
TR208,StandBy,1.707777778,1 March 2014
TR208,StandBy,1.618333333,1 March 2014
TR208,Un-Planned Maintenance,9.751388889,1 March 2014
TR221,Delays,1.320277778,1 March 2014
TR221,Delays,1.070277778,1 March 2014
TR221,Direct Operating,8.801944444,1 March 2014
TR221,Direct Operating,8.793055556,1 March 2014
TR221,Planned Maintenance,0.134722222,1 March 2014
TR221,Planned Maintenance,0.1475,1 March 2014
TR221,StandBy,1.599166667,1 March 2014
TR221,StandBy,1.988888889,1 March 2014
TR221,Un-Planned Maintenance,0.143333333,1 March 2014
TR222,Delays,1.420833333,1 March 2014
TR222,Delays,1.089166667,1 March 2014
TR222,Direct Operating,9.582777778,1 March 2014
TR222,Direct Operating,9.793055556,1 March 2014
TR222,Planned Maintenance,0.242777778,1 March 2014
TR222,Planned Maintenance,0.069166667,1 March 2014
TR222,StandBy,0.753888889,1 March 2014
TR222,StandBy,1.048333333,1 March 2014
TR223,Delays,0.846944444,1 March 2014
TR223,Delays,0.766111111,1 March 2014
TR223,Direct Operating,9.240833333,1 March 2014
TR223,Direct Operating,9.441388889,1 March 2014
TR223,Planned Maintenance,0.215833333,1 March 2014
TR223,Planned Maintenance,0.167222222,1 March 2014
TR223,StandBy,1.696111111,1 March 2014
TR223,StandBy,1.625555556,1 March 2014
TR224,Delays,0.713888889,1 March 2014
TR224,Direct Operating,1.329722222,1 March 2014
TR224,StandBy,0.470833333,1 March 2014
TR224,Un-Planned Maintenance,9.485555556,1 March 2014
TR224,Un-Planned Maintenance,12,1 March 2014
TRB004,Un-Planned Maintenance,12,1 March 2014
TRB004,Un-Planned Maintenance,12,1 March 2014
TRB006,Delays,0.940555556,1 March 2014
TRB006,Delays,1.221666667,1 March 2014
TRB006,Direct Operating,9.398611111,1 March 2014
TRB006,Direct Operating,8.795833333,1 March 2014
TRB006,StandBy,1.660277778,1 March 2014
TRB006,StandBy,1.981944444,1 March 2014
TRB041,Delays,1.901111111,1 March 2014
TRB041,Delays,1.408611111,1 March 2014
TRB041,Direct Operating,2.815277778,1 March 2014
TRB041,Direct Operating,8.885833333,1 March 2014
TRB041,StandBy,0.820555556,1 March 2014
TRB041,StandBy,1.705277778,1 March 2014
TRB041,Un-Planned Maintenance,6.462777778,1 March 2014
TRB114,Delays,0.604444444,1 March 2014
TRB114,Delays,1.223888889,1 March 2014
TRB114,Direct Operating,10.22555556,1 March 2014
TRB114,Direct Operating,8.887222222,1 March 2014
TRB114,StandBy,1.17,1 March 2014
TRB114,StandBy,1.888611111,1 March 2014
TRL3591,Delays,0.691666667,1 March 2014
TRL3591,Delays,0.766944444,1 March 2014
TRL3591,Direct Operating,10.61111111,1 March 2014
TRL3591,Direct Operating,8.006111111,1 March 2014
TRL3591,Planned Maintenance,0.149722222,1 March 2014
TRL3591,Planned Maintenance,0.213055556,1 March 2014
TRL3591,StandBy,0.548333333,1 March 2014
TRL3591,StandBy,1.124444444,1 March 2014
TRL3591,Un-Planned Maintenance,1.889444444,1 March 2014
TRL3592,Delays,1.652222222,1 March 2014
TRL3592,Delays,0.354166667,1 March 2014
TRL3592,Direct Operating,9.111666667,1 March 2014
TRL3592,Planned Maintenance,0.194722222,1 March 2014
TRL3592,Planned Maintenance,9.192777778,1 March 2014
TRL3592,StandBy,1.041388889,1 March 2014
TRL3592,StandBy,2.453055556,1 March 2014
TRL3593,Delays,1.320833333,1 March 2014
TRL3593,Delays,0.892777778,1 March 2014
TRL3593,Direct Operating,10.02555556,1 March 2014
TRL3593,Direct Operating,9.843333333,1 March 2014
TRL3593,Planned Maintenance,0.161944444,1 March 2014
TRL3593,Planned Maintenance,0.165277778,1 March 2014
TRL3593,StandBy,0.124722222,1 March 2014
TRL3593,StandBy,1.098888889,1 March 2014
TRL3593,Un-Planned Maintenance,0.366944444,1 March 2014
TRL3594,Delays,1.378611111,1 March 2014
TRL3594,Direct Operating,8.417777778,1 March 2014
TRL3594,Planned Maintenance,0.124444444,1 March 2014
TRL3594,StandBy,0.5825,1 March 2014
TRL3594,Un-Planned Maintenance,1.496944444,1 March 2014
TRL3594,Un-Planned Maintenance,12,1 March 2014
TR021,Delays,2.924722222,2 March 2014
TR021,Direct Operating,8.6875,2 March 2014
TR021,Direct Operating,6.830277778,2 March 2014
TR021,StandBy,3.312777778,2 March 2014
TR021,StandBy,2.245,2 March 2014
TR022,StandBy,12,2 March 2014
TR022,StandBy,12,2 March 2014
TR025,Delays,0.07,2 March 2014
TR025,Delays,0.343333333,2 March 2014
TR025,Direct Operating,8.509722222,2 March 2014
TR025,Direct Operating,6.535277778,2 March 2014
TR025,Planned Maintenance,0.443055556,2 March 2014
TR025,StandBy,2.9775,2 March 2014
TR025,StandBy,5.121666667,2 March 2014
TR026,Delays,1.501666667,2 March 2014
TR026,Delays,0.915555556,2 March 2014
TR026,Direct Operating,7.818055556,2 March 2014
TR026,Direct Operating,9.942222222,2 March 2014
TR026,Planned Maintenance,0.102222222,2 March 2014
TR026,StandBy,2.680555556,2 March 2014
TR026,StandBy,1.039444444,2 March 2014
TR027,Delays,0.230277778,2 March 2014
TR027,Direct Operating,4.330555556,2 March 2014
TR027,Direct Operating,3.610555556,2 March 2014
TR027,StandBy,7.669444444,2 March 2014
TR027,StandBy,8.159166667,2 March 2014
TR028,Delays,0.229722222,2 March 2014
TR028,Delays,0.522777778,2 March 2014
TR028,Direct Operating,9.894166667,2 March 2014
TR028,Direct Operating,8.513611111,2 March 2014
TR028,Planned Maintenance,0.321388889,2 March 2014
TR028,StandBy,1.554166667,2 March 2014
TR028,StandBy,2.964166667,2 March 2014
TR029,Delays,0.210833333,2 March 2014
TR029,Direct Operating,8.652222222,2 March 2014
TR029,Planned Maintenance,0.793333333,2 March 2014
TR029,StandBy,1.279444444,2 March 2014
TR029,StandBy,12,2 March 2014
TR029,Un-Planned Maintenance,1.063888889,2 March 2014
TR030,Delays,0.799722222,2 March 2014
TR030,Direct Operating,9.334722222,2 March 2014
TR030,StandBy,12,2 March 2014
TR030,StandBy,1.865555556,2 March 2014
TR031,Delays,0.2375,2 March 2014
TR031,Delays,0.021388889,2 March 2014
TR031,Direct Operating,8.440833333,2 March 2014
TR031,Direct Operating,3.469444444,2 March 2014
TR031,Planned Maintenance,0.198611111,2 March 2014
TR031,StandBy,2.412777778,2 March 2014
TR031,StandBy,4.983055556,2 March 2014
TR031,Un-Planned Maintenance,0.709722222,2 March 2014
TR031,Un-Planned Maintenance,3.525833333,2 March 2014
TR032,Delays,0.378888889,2 March 2014
TR032,Delays,0.406111111,2 March 2014
TR032,Direct Operating,9.255,2 March 2014
TR032,Direct Operating,6.4125,2 March 2014
TR032,Planned Maintenance,0.104444444,2 March 2014
TR032,StandBy,2.261944444,2 March 2014
TR032,StandBy,5.180833333,2 March 2014
TR201,Delays,0.905555556,2 March 2014
TR201,Delays,0.285277778,2 March 2014
TR201,Direct Operating,9.086388889,2 March 2014
TR201,Planned Maintenance,0.138888889,2 March 2014
TR201,Planned Maintenance,4.805555556,2 March 2014
TR201,StandBy,1.506666667,2 March 2014
TR201,StandBy,3.776111111,2 March 2014
TR201,Un-Planned Maintenance,0.362222222,2 March 2014
TR201,Un-Planned Maintenance,3.132777778,2 March 2014
TR202,Delays,2.430277778,2 March 2014
TR202,Delays,0.820833333,2 March 2014
TR202,Direct Operating,7.901388889,2 March 2014
TR202,Direct Operating,9.336666667,2 March 2014
TR202,Planned Maintenance,0.171666667,2 March 2014
TR202,Planned Maintenance,0.089166667,2 March 2014
TR202,StandBy,1.496944444,2 March 2014
TR202,StandBy,1.753333333,2 March 2014
TR203,Delays,2.013333333,2 March 2014
TR203,Delays,0.959722222,2 March 2014
TR203,Direct Operating,8.094722222,2 March 2014
TR203,Direct Operating,7.656388889,2 March 2014
TR203,Planned Maintenance,0.134444444,2 March 2014
TR203,Planned Maintenance,0.094444444,2 March 2014
TR203,StandBy,1.758055556,2 March 2014
TR203,StandBy,3.289444444,2 March 2014
TR204,Delays,0.738055556,2 March 2014
TR204,Delays,6.609444444,2 March 2014
TR204,Direct Operating,0.740277778,2 March 2014
TR204,Direct Operating,4.299722222,2 March 2014
TR204,Planned Maintenance,0.205555556,2 March 2014
TR204,StandBy,6.743888889,2 March 2014
TR204,StandBy,0.581111111,2 March 2014
TR204,Un-Planned Maintenance,3.7775,2 March 2014
TR204,Un-Planned Maintenance,0.303611111,2 March 2014
TR205,Delays,1.710277778,2 March 2014
TR205,Delays,0.946388889,2 March 2014
TR205,Direct Operating,8.225,2 March 2014
TR205,Direct Operating,6.061111111,2 March 2014
TR205,Planned Maintenance,0.098055556,2 March 2014
TR205,Planned Maintenance,0.153888889,2 March 2014
TR205,StandBy,1.966388889,2 March 2014
TR205,StandBy,4.236944444,2 March 2014
TR205,Un-Planned Maintenance,0.601944444,2 March 2014
TR206,Delays,1.485,2 March 2014
TR206,Delays,0.992222222,2 March 2014
TR206,Direct Operating,8.787777778,2 March 2014
TR206,Direct Operating,8.977222222,2 March 2014
TR206,Planned Maintenance,0.106388889,2 March 2014
TR206,Planned Maintenance,0.114722222,2 March 2014
TR206,StandBy,1.620277778,2 March 2014
TR206,StandBy,1.915833333,2 March 2014
TR207,Un-Planned Maintenance,12,2 March 2014
TR207,Un-Planned Maintenance,12,2 March 2014
TR208,Delays,2.638055556,2 March 2014
TR208,Delays,0.631666667,2 March 2014
TR208,Direct Operating,7.464444444,2 March 2014
TR208,Direct Operating,9.338888889,2 March 2014
TR208,Planned Maintenance,0.161944444,2 March 2014
TR208,Planned Maintenance,0.130277778,2 March 2014
TR208,StandBy,1.735,2 March 2014
TR208,StandBy,1.899166667,2 March 2014
TR221,Delays,0.548055556,2 March 2014
TR221,Delays,1.287777778,2 March 2014
TR221,Direct Operating,9.625277778,2 March 2014
TR221,Direct Operating,8.651111111,2 March 2014
TR221,Planned Maintenance,0.293333333,2 March 2014
TR221,Planned Maintenance,0.131666667,2 March 2014
TR221,StandBy,1.533055556,2 March 2014
TR221,StandBy,1.929166667,2 March 2014
TR222,Delays,0.913888889,2 March 2014
TR222,Delays,0.583333333,2 March 2014
TR222,Direct Operating,10.09972222,2 March 2014
TR222,Direct Operating,10.2425,2 March 2014
TR222,Planned Maintenance,0.096388889,2 March 2014
TR222,Planned Maintenance,0.214722222,2 March 2014
TR222,StandBy,0.89,2 March 2014
TR222,StandBy,0.959166667,2 March 2014
TR223,Delays,1.103888889,2 March 2014
TR223,Delays,0.668888889,2 March 2014
TR223,Direct Operating,9.923888889,2 March 2014
TR223,Direct Operating,10.30083333,2 March 2014
TR223,Planned Maintenance,0.15,2 March 2014
TR223,Planned Maintenance,0.169166667,2 March 2014
TR223,StandBy,0.822222222,2 March 2014
TR223,StandBy,0.861666667,2 March 2014
TR224,Delays,0.891666667,2 March 2014
TR224,Delays,0.206944444,2 March 2014
TR224,Direct Operating,8.841944444,2 March 2014
TR224,Direct Operating,4.961666667,2 March 2014
TR224,Planned Maintenance,0.207222222,2 March 2014
TR224,Planned Maintenance,0.154722222,2 March 2014
TR224,StandBy,0.564722222,2 March 2014
TR224,StandBy,6.676944444,2 March 2014
TR224,Un-Planned Maintenance,1.494166667,2 March 2014
TRB004,Delays,0.003055556,2 March 2014
TRB004,Delays,0.282777778,2 March 2014
TRB004,Direct Operating,3.895833333,2 March 2014
TRB004,StandBy,1.178055556,2 March 2014
TRB004,StandBy,1.231111111,2 March 2014
TRB004,Un-Planned Maintenance,10.81888889,2 March 2014
TRB004,Un-Planned Maintenance,6.590555556,2 March 2014
TRB006,Delays,0.418333333,2 March 2014
TRB006,Delays,1.420555556,2 March 2014
TRB006,Direct Operating,9.145833333,2 March 2014
TRB006,Direct Operating,9.147777778,2 March 2014
TRB006,Planned Maintenance,0.860277778,2 March 2014
TRB006,StandBy,1.575555556,2 March 2014
TRB006,StandBy,1.431666667,2 March 2014
TRB041,Delays,0.680555556,2 March 2014
TRB041,Delays,0.566111111,2 March 2014
TRB041,Direct Operating,10.16638889,2 March 2014
TRB041,Direct Operating,9.146388889,2 March 2014
TRB041,StandBy,1.153333333,2 March 2014
TRB041,StandBy,2.287777778,2 March 2014
TRB114,Delays,0.554722222,2 March 2014
TRB114,Delays,1.233611111,2 March 2014
TRB114,Direct Operating,10.12,2 March 2014
TRB114,Direct Operating,7.761666667,2 March 2014
TRB114,StandBy,1.325277778,2 March 2014
TRB114,StandBy,1.837222222,2 March 2014
TRB114,Un-Planned Maintenance,1.166944444,2 March 2014
TRL3591,Delays,0.874444444,2 March 2014
TRL3591,Delays,0.3225,2 March 2014
TRL3591,Direct Operating,10.71972222,2 March 2014
TRL3591,Direct Operating,9.999166667,2 March 2014
TRL3591,Planned Maintenance,0.120833333,2 March 2014
TRL3591,Planned Maintenance,0.131388889,2 March 2014
TRL3591,StandBy,0.285,2 March 2014
TRL3591,StandBy,1.547222222,2 March 2014
TRL3592,Delays,1.592777778,2 March 2014
TRL3592,Direct Operating,8.421666667,2 March 2014
TRL3592,Planned Maintenance,5.005277778,2 March 2014
TRL3592,Planned Maintenance,0.154722222,2 March 2014
TRL3592,StandBy,6.994722222,2 March 2014
TRL3592,StandBy,1.830833333,2 March 2014
TRL3593,Delays,1.728333333,2 March 2014
TRL3593,Delays,2.009722222,2 March 2014
TRL3593,Direct Operating,9.475555556,2 March 2014
TRL3593,Direct Operating,7.828333333,2 March 2014
TRL3593,Planned Maintenance,0.191944444,2 March 2014
TRL3593,Planned Maintenance,0.159722222,2 March 2014
TRL3593,StandBy,0.603888889,2 March 2014
TRL3593,StandBy,2.001388889,2 March 2014
TRL3594,Un-Planned Maintenance,12,2 March 2014
TRL3594,Un-Planned Maintenance,12,2 March 2014
TR021,Delays,0.687222222,3 March 2014
TR021,Delays,0.386388889,3 March 2014
TR021,Direct Operating,8.455555556,3 March 2014
TR021,Direct Operating,9.184722222,3 March 2014
TR021,Planned Maintenance,0.1425,3 March 2014
TR021,StandBy,2.856666667,3 March 2014
TR021,StandBy,2.286944444,3 March 2014
TR022,StandBy,12,3 March 2014
TR022,StandBy,12,3 March 2014
TR025,Delays,0.238333333,3 March 2014
TR025,Delays,1.171388889,3 March 2014
TR025,Direct Operating,9.488888889,3 March 2014
TR025,Direct Operating,8.760555556,3 March 2014
TR025,Planned Maintenance,0.511111111,3 March 2014
TR025,Planned Maintenance,0.6425,3 March 2014
TR025,StandBy,1.760833333,3 March 2014
TR025,StandBy,1.425,3 March 2014
TR026,Delays,0.520833333,3 March 2014
TR026,Delays,1.834722222,3 March 2014
TR026,Direct Operating,8.455833333,3 March 2014
TR026,Direct Operating,8.125277778,3 March 2014
TR026,StandBy,3.023333333,3 March 2014
TR026,StandBy,1.981111111,3 March 2014
TR026,Un-Planned Maintenance,0.058333333,3 March 2014
TR027,Delays,0.243333333,3 March 2014
TR027,Delays,1.138888889,3 March 2014
TR027,Direct Operating,3.451666667,3 March 2014
TR027,Direct Operating,8.730277778,3 March 2014
TR027,Planned Maintenance,0.153333333,3 March 2014
TR027,StandBy,8.305277778,3 March 2014
TR027,StandBy,1.977777778,3 March 2014
TR028,Delays,1.429166667,3 March 2014
TR028,Delays,0.718333333,3 March 2014
TR028,Direct Operating,8.244166667,3 March 2014
TR028,Direct Operating,10.01555556,3 March 2014
TR028,Planned Maintenance,0.356388889,3 March 2014
TR028,StandBy,1.969722222,3 March 2014
TR028,StandBy,1.266666667,3 March 2014
TR029,Delays,0.165277778,3 March 2014
TR029,Delays,1.280555556,3 March 2014
TR029,Direct Operating,8.921111111,3 March 2014
TR029,Direct Operating,8.391944444,3 March 2014
TR029,Planned Maintenance,0.726388889,3 March 2014
TR029,Planned Maintenance,0.3625,3 March 2014
TR029,StandBy,2.186944444,3 March 2014
TR029,StandBy,1.965,3 March 2014
TR030,Planned Maintenance,0.211666667,3 March 2014
TR030,StandBy,6.938333333,3 March 2014
TR030,StandBy,6.700277778,3 March 2014
TR030,Un-Planned Maintenance,4.85,3 March 2014
TR030,Un-Planned Maintenance,5.299722222,3 March 2014
TR031,Delays,1.357222222,3 March 2014
TR031,Delays,1.084444444,3 March 2014
TR031,Direct Operating,7.994722222,3 March 2014
TR031,Direct Operating,9.606944444,3 March 2014
TR031,Planned Maintenance,0.000833333,3 March 2014
TR031,StandBy,2.647777778,3 March 2014
TR031,StandBy,1.307222222,3 March 2014
TR032,Delays,0.288888889,3 March 2014
TR032,Delays,0.400833333,3 March 2014
TR032,Direct Operating,9.4825,3 March 2014
TR032,Direct Operating,9.128055556,3 March 2014
TR032,Planned Maintenance,0.171388889,3 March 2014
TR032,Planned Maintenance,0.680555556,3 March 2014
TR032,StandBy,2.057222222,3 March 2014
TR032,StandBy,1.790277778,3 March 2014
TR201,Delays,1.218333333,3 March 2014
TR201,Delays,1.335833333,3 March 2014
TR201,Direct Operating,7.3775,3 March 2014
TR201,Direct Operating,5.0475,3 March 2014
TR201,Planned Maintenance,0.105555556,3 March 2014
TR201,StandBy,3.268333333,3 March 2014
TR201,StandBy,5.511111111,3 March 2014
TR201,Un-Planned Maintenance,0.135833333,3 March 2014
TR202,Delays,0.4525,3 March 2014
TR202,Delays,0.784444444,3 March 2014
TR202,Direct Operating,4.653611111,3 March 2014
TR202,Direct Operating,6.120555556,3 March 2014
TR202,Planned Maintenance,0.203333333,3 March 2014
TR202,Planned Maintenance,0.166388889,3 March 2014
TR202,StandBy,6.690833333,3 March 2014
TR202,StandBy,4.928055556,3 March 2014
TR203,Delays,0.960277778,3 March 2014
TR203,Delays,0.413888889,3 March 2014
TR203,Direct Operating,8.780555556,3 March 2014
TR203,Direct Operating,7.383611111,3 March 2014
TR203,Planned Maintenance,0.158055556,3 March 2014
TR203,Planned Maintenance,0.248333333,3 March 2014
TR203,StandBy,1.760833333,3 March 2014
TR203,StandBy,3.953888889,3 March 2014
TR203,Un-Planned Maintenance,0.340555556,3 March 2014
TR204,Delays,0.796666667,3 March 2014
TR204,Direct Operating,6.059722222,3 March 2014
TR204,StandBy,2.506388889,3 March 2014
TR204,Un-Planned Maintenance,2.6375,3 March 2014
TR204,Un-Planned Maintenance,12,3 March 2014
TR205,Delays,1.789722222,3 March 2014
TR205,Delays,0.314444444,3 March 2014
TR205,Direct Operating,8.517222222,3 March 2014
TR205,Direct Operating,5.704444444,3 March 2014
TR205,Planned Maintenance,0.113055556,3 March 2014
TR205,Planned Maintenance,0.086388889,3 March 2014
TR205,StandBy,1.580555556,3 March 2014
TR205,StandBy,5.895,3 March 2014
TR206,Delays,2.5925,3 March 2014
TR206,Delays,0.054166667,3 March 2014
TR206,Direct Operating,7.758888889,3 March 2014
TR206,Direct Operating,1.251944444,3 March 2014
TR206,Planned Maintenance,0.123888889,3 March 2014
TR206,StandBy,1.524166667,3 March 2014
TR206,StandBy,9.995277778,3 March 2014
TR206,Un-Planned Maintenance,0.698333333,3 March 2014
TR207,Delays,0.305,3 March 2014
TR207,Delays,0.572222222,3 March 2014
TR207,Direct Operating,4.994166667,3 March 2014
TR207,Direct Operating,0.705555556,3 March 2014
TR207,StandBy,1.016944444,3 March 2014
TR207,StandBy,8.429722222,3 March 2014
TR207,Un-Planned Maintenance,5.684166667,3 March 2014
TR207,Un-Planned Maintenance,2.291944444,3 March 2014
TR208,Delays,3.025833333,3 March 2014
TR208,Delays,0.73,3 March 2014
TR208,Direct Operating,7.305,3 March 2014
TR208,Direct Operating,8.244722222,3 March 2014
TR208,Planned Maintenance,0.118055556,3 March 2014
TR208,Planned Maintenance,0.11,3 March 2014
TR208,StandBy,1.551111111,3 March 2014
TR208,StandBy,2.581666667,3 March 2014
TR208,Un-Planned Maintenance,0.333611111,3 March 2014
TR221,Delays,1.548611111,3 March 2014
TR221,Delays,1.461944444,3 March 2014
TR221,Direct Operating,8.892777778,3 March 2014
TR221,Direct Operating,8.739444444,3 March 2014
TR221,Planned Maintenance,0.185555556,3 March 2014
TR221,Planned Maintenance,0.118333333,3 March 2014
TR221,StandBy,1.373055556,3 March 2014
TR221,StandBy,1.680555556,3 March 2014
TR222,Delays,0.906111111,3 March 2014
TR222,Delays,1.309166667,3 March 2014
TR222,Direct Operating,9.923333333,3 March 2014
TR222,Direct Operating,9.613333333,3 March 2014
TR222,Planned Maintenance,0.170833333,3 March 2014
TR222,Planned Maintenance,0.149166667,3 March 2014
TR222,StandBy,0.525277778,3 March 2014
TR222,StandBy,0.928611111,3 March 2014
TR222,Un-Planned Maintenance,0.474444444,3 March 2014
TR223,Delays,0.618055556,3 March 2014
TR223,Delays,1.058611111,3 March 2014
TR223,Direct Operating,10.63888889,3 March 2014
TR223,Direct Operating,9.947777778,3 March 2014
TR223,Planned Maintenance,0.0825,3 March 2014
TR223,Planned Maintenance,0.103888889,3 March 2014
TR223,StandBy,0.661111111,3 March 2014
TR223,StandBy,0.889444444,3 March 2014
TR224,Delays,1.1725,3 March 2014
TR224,Delays,1.568055556,3 March 2014
TR224,Direct Operating,8.628888889,3 March 2014
TR224,Direct Operating,8.0725,3 March 2014
TR224,Planned Maintenance,0.123333333,3 March 2014
TR224,Planned Maintenance,0.236666667,3 March 2014
TR224,StandBy,2.075277778,3 March 2014
TR224,StandBy,1.265833333,3 March 2014
TR224,Un-Planned Maintenance,0.856944444,3 March 2014
TRB004,Delays,1.213055556,3 March 2014
TRB004,Delays,1.015277778,3 March 2014
TRB004,Direct Operating,2.465833333,3 March 2014
TRB004,Direct Operating,6.966666667,3 March 2014
TRB004,StandBy,0.458333333,3 March 2014
TRB004,StandBy,1.5975,3 March 2014
TRB004,Un-Planned Maintenance,7.863055556,3 March 2014
TRB004,Un-Planned Maintenance,2.42,3 March 2014
TRB006,Delays,1.206111111,3 March 2014
TRB006,Delays,1.385833333,3 March 2014
TRB006,Direct Operating,8.900277778,3 March 2014
TRB006,Direct Operating,9.229444444,3 March 2014
TRB006,StandBy,1.893611111,3 March 2014
TRB006,StandBy,1.385,3 March 2014
TRB041,Delays,1.283888889,3 March 2014
TRB041,Delays,1.137777778,3 March 2014
TRB041,Direct Operating,9.419722222,3 March 2014
TRB041,Direct Operating,9.000833333,3 March 2014
TRB041,StandBy,1.296666667,3 March 2014
TRB041,StandBy,1.861388889,3 March 2014
TRB114,Delays,0.487222222,3 March 2014
TRB114,Delays,0.848888889,3 March 2014
TRB114,Direct Operating,6.815277778,3 March 2014
TRB114,Direct Operating,3.733888889,3 March 2014
TRB114,StandBy,0.569444444,3 March 2014
TRB114,StandBy,0.963333333,3 March 2014
TRB114,Un-Planned Maintenance,4.128055556,3 March 2014
TRB114,Un-Planned Maintenance,6.454166667,3 March 2014
TRL3591,Delays,1.112777778,3 March 2014
TRL3591,Delays,2.039166667,3 March 2014
TRL3591,Direct Operating,9.98,3 March 2014
TRL3591,Direct Operating,8.903055556,3 March 2014
TRL3591,Planned Maintenance,0.213611111,3 March 2014
TRL3591,Planned Maintenance,0.218611111,3 March 2014
TRL3591,StandBy,0.693611111,3 March 2014
TRL3591,StandBy,0.838888889,3 March 2014
TRL3592,Delays,1.044722222,3 March 2014
TRL3592,Delays,1.178055556,3 March 2014
TRL3592,Direct Operating,9.816388889,3 March 2014
TRL3592,Direct Operating,9.053888889,3 March 2014
TRL3592,Planned Maintenance,0.097222222,3 March 2014
TRL3592,Planned Maintenance,0.134722222,3 March 2014
TRL3592,StandBy,1.041111111,3 March 2014
TRL3592,StandBy,1.633333333,3 March 2014
TRL3593,Delays,1.214166667,3 March 2014
TRL3593,Delays,1.689166667,3 March 2014
TRL3593,Direct Operating,9.0875,3 March 2014
TRL3593,Direct Operating,8.762777778,3 March 2014
TRL3593,Planned Maintenance,0.127777778,3 March 2014
TRL3593,Planned Maintenance,0.123888889,3 March 2014
TRL3593,StandBy,1.57,3 March 2014
TRL3593,StandBy,1.425555556,3 March 2014
TRL3594,Un-Planned Maintenance,12,3 March 2014
TRL3594,Un-Planned Maintenance,12,3 March 2014
TR021,Delays,0.256388889,4 March 2014
TR021,Delays,0.293333333,4 March 2014
TR021,Direct Operating,3.040833333,4 March 2014
TR021,Direct Operating,1.873888889,4 March 2014
TR021,Planned Maintenance,1.3275,4 March 2014
TR021,StandBy,8.703055556,4 March 2014
TR021,StandBy,8.505,4 March 2014
TR022,StandBy,12,4 March 2014
TR022,StandBy,12,4 March 2014
TR025,Delays,2.164722222,4 March 2014
TR025,Direct Operating,5.411666667,4 March 2014
TR025,Direct Operating,7.951111111,4 March 2014
TR025,Planned Maintenance,0.298055556,4 March 2014
TR025,Planned Maintenance,0.000833333,4 March 2014
TR025,StandBy,6.29,4 March 2014
TR025,StandBy,1.883055556,4 March 2014
TR026,Delays,0.401944444,4 March 2014
TR026,Delays,2.9425,4 March 2014
TR026,Direct Operating,2.637777778,4 March 2014
TR026,Direct Operating,6.735833333,4 March 2014
TR026,Planned Maintenance,0.156944444,4 March 2014
TR026,StandBy,8.960277778,4 March 2014
TR026,StandBy,2.165277778,4 March 2014
TR027,Delays,1.065277778,4 March 2014
TR027,Direct Operating,9.753055556,4 March 2014
TR027,StandBy,12,4 March 2014
TR027,StandBy,1.181944444,4 March 2014
TR028,Delays,0.626666667,4 March 2014
TR028,Delays,1.382222222,4 March 2014
TR028,Direct Operating,9.538611111,4 March 2014
TR028,Direct Operating,4.083055556,4 March 2014
TR028,Planned Maintenance,0.2975,4 March 2014
TR028,Planned Maintenance,1.668611111,4 March 2014
TR028,StandBy,1.537222222,4 March 2014
TR028,StandBy,4.865833333,4 March 2014
TR029,Delays,0.787777778,4 March 2014
TR029,Direct Operating,7.843888889,4 March 2014
TR029,Planned Maintenance,1.843333333,4 March 2014
TR029,StandBy,1.525277778,4 March 2014
TR029,StandBy,11.99972222,4 March 2014
TR030,Delays,0.492777778,4 March 2014
TR030,Delays,0.773611111,4 March 2014
TR030,Direct Operating,8.880555556,4 March 2014
TR030,Direct Operating,9.845555556,4 March 2014
TR030,Planned Maintenance,0.888055556,4 March 2014
TR030,StandBy,1.738888889,4 March 2014
TR030,StandBy,1.381111111,4 March 2014
TR031,Delays,0.168333333,4 March 2014
TR031,Delays,0.855555556,4 March 2014
TR031,Direct Operating,8.941944444,4 March 2014
TR031,Direct Operating,9.566388889,4 March 2014
TR031,StandBy,2.382777778,4 March 2014
TR031,StandBy,1.578611111,4 March 2014
TR031,Un-Planned Maintenance,0.506666667,4 March 2014
TR032,Delays,0.482222222,4 March 2014
TR032,Delays,1.396111111,4 March 2014
TR032,Direct Operating,8.962777778,4 March 2014
TR032,Direct Operating,8.152777778,4 March 2014
TR032,Planned Maintenance,0.842222222,4 March 2014
TR032,Planned Maintenance,0.734444444,4 March 2014
TR032,StandBy,1.7125,4 March 2014
TR032,StandBy,1.716666667,4 March 2014
TR201,Delays,2.761111111,4 March 2014
TR201,Delays,0.819166667,4 March 2014
TR201,Direct Operating,6.909166667,4 March 2014
TR201,Direct Operating,6.366666667,4 March 2014
TR201,Planned Maintenance,0.08,4 March 2014
TR201,StandBy,2.250555556,4 March 2014
TR201,StandBy,4.813888889,4 March 2014
TR202,Delays,0.376944444,4 March 2014
TR202,Delays,0.507777778,4 March 2014
TR202,Direct Operating,4.181388889,4 March 2014
TR202,Direct Operating,8.838888889,4 March 2014
TR202,Planned Maintenance,0.120555556,4 March 2014
TR202,StandBy,7.441944444,4 March 2014
TR202,StandBy,2.532777778,4 March 2014
TR203,Delays,0.521666667,4 March 2014
TR203,Delays,0.284722222,4 March 2014
TR203,Direct Operating,9.395555556,4 March 2014
TR203,Direct Operating,4.964722222,4 March 2014
TR203,Planned Maintenance,0.146388889,4 March 2014
TR203,Planned Maintenance,0.118333333,4 March 2014
TR203,StandBy,1.936944444,4 March 2014
TR203,StandBy,6.631944444,4 March 2014
TR204,Un-Planned Maintenance,12,4 March 2014
TR204,Un-Planned Maintenance,12,4 March 2014
TR205,Delays,0.787222222,4 March 2014
TR205,Delays,0.721944444,4 March 2014
TR205,Direct Operating,8.737222222,4 March 2014
TR205,Direct Operating,5.787777778,4 March 2014
TR205,Planned Maintenance,0.108333333,4 March 2014
TR205,Planned Maintenance,0.122777778,4 March 2014
TR205,StandBy,2.367222222,4 March 2014
TR205,StandBy,5.368611111,4 March 2014
TR206,Delays,1.061388889,4 March 2014
TR206,Delays,0.872222222,4 March 2014
TR206,Direct Operating,8.766666667,4 March 2014
TR206,Direct Operating,6.298333333,4 March 2014
TR206,Planned Maintenance,0.039722222,4 March 2014
TR206,Planned Maintenance,0.081388889,4 March 2014
TR206,StandBy,2.132222222,4 March 2014
TR206,StandBy,4.748611111,4 March 2014
TR207,Delays,1.7175,4 March 2014
TR207,Direct Operating,8.5275,4 March 2014
TR207,Planned Maintenance,0.121111111,4 March 2014
TR207,Planned Maintenance,0.110555556,4 March 2014
TR207,StandBy,1.634166667,4 March 2014
TR207,StandBy,11.88916667,4 March 2014
TR208,Delays,2.219166667,4 March 2014
TR208,Delays,1.168888889,4 March 2014
TR208,Direct Operating,6.971666667,4 March 2014
TR208,Direct Operating,7.475833333,4 March 2014
TR208,Planned Maintenance,0.225833333,4 March 2014
TR208,StandBy,2.582777778,4 March 2014
TR208,StandBy,3.355555556,4 March 2014
TR221,Delays,0.369444444,4 March 2014
TR221,Delays,1.311666667,4 March 2014
TR221,Direct Operating,9.191666667,4 March 2014
TR221,Direct Operating,7.856666667,4 March 2014
TR221,Planned Maintenance,0.153333333,4 March 2014
TR221,Planned Maintenance,0.132777778,4 March 2014
TR221,StandBy,2.285833333,4 March 2014
TR221,StandBy,2.609444444,4 March 2014
TR221,Un-Planned Maintenance,0.090555556,4 March 2014
TR222,Delays,1.514444444,4 March 2014
TR222,Delays,0.662222222,4 March 2014
TR222,Direct Operating,9.468888889,4 March 2014
TR222,Direct Operating,10.26055556,4 March 2014
TR222,Planned Maintenance,0.307777778,4 March 2014
TR222,Planned Maintenance,0.125555556,4 March 2014
TR222,StandBy,0.709166667,4 March 2014
TR222,StandBy,0.950833333,4 March 2014
TR223,Delays,1.003611111,4 March 2014
TR223,Delays,0.446944444,4 March 2014
TR223,Direct Operating,10.12138889,4 March 2014
TR223,Direct Operating,10.35583333,4 March 2014
TR223,Planned Maintenance,0.203888889,4 March 2014
TR223,Planned Maintenance,0.1625,4 March 2014
TR223,StandBy,0.671944444,4 March 2014
TR223,StandBy,1.035,4 March 2014
TR224,Delays,0.695555556,4 March 2014
TR224,Delays,0.515555556,4 March 2014
TR224,Direct Operating,10.205,4 March 2014
TR224,Direct Operating,10.52416667,4 March 2014
TR224,Planned Maintenance,0.183055556,4 March 2014
TR224,Planned Maintenance,0.135833333,4 March 2014
TR224,StandBy,0.916388889,4 March 2014
TR224,StandBy,0.824166667,4 March 2014
TRB004,Delays,0.458333333,4 March 2014
TRB004,Delays,2.573888889,4 March 2014
TRB004,Direct Operating,9.522777778,4 March 2014
TRB004,Direct Operating,5.170833333,4 March 2014
TRB004,StandBy,2.018888889,4 March 2014
TRB004,StandBy,1.3025,4 March 2014
TRB004,Un-Planned Maintenance,2.952777778,4 March 2014
TRB006,Delays,0.710833333,4 March 2014
TRB006,Delays,1.351111111,4 March 2014
TRB006,Direct Operating,6.785555556,4 March 2014
TRB006,Direct Operating,9.331111111,4 March 2014
TRB006,StandBy,2.356111111,4 March 2014
TRB006,StandBy,1.317777778,4 March 2014
TRB006,Un-Planned Maintenance,2.148333333,4 March 2014
TRB041,Delays,0.735833333,4 March 2014
TRB041,Delays,0.898611111,4 March 2014
TRB041,Direct Operating,10.07611111,4 March 2014
TRB041,Direct Operating,8.421666667,4 March 2014
TRB041,StandBy,1.188055556,4 March 2014
TRB041,StandBy,2.680277778,4 March 2014
TRB114,Delays,0.796666667,4 March 2014
TRB114,Delays,1.695555556,4 March 2014
TRB114,Direct Operating,9.911666667,4 March 2014
TRB114,Direct Operating,8.975555556,4 March 2014
TRB114,StandBy,1.291666667,4 March 2014
TRB114,StandBy,1.329166667,4 March 2014
TRL3591,Planned Maintenance,10.49805556,4 March 2014
TRL3591,Planned Maintenance,12,4 March 2014
TRL3591,StandBy,1.501944444,4 March 2014
TRL3592,Delays,0.4475,4 March 2014
TRL3592,Delays,1.156944444,4 March 2014
TRL3592,Direct Operating,9.634444444,4 March 2014
TRL3592,Direct Operating,8.173333333,4 March 2014
TRL3592,Planned Maintenance,0.120833333,4 March 2014
TRL3592,Planned Maintenance,0.131388889,4 March 2014
TRL3592,StandBy,1.796944444,4 March 2014
TRL3592,StandBy,2.538333333,4 March 2014
TRL3593,Delays,1.5,4 March 2014
TRL3593,Delays,1.220833333,4 March 2014
TRL3593,Direct Operating,8.966666667,4 March 2014
TRL3593,Direct Operating,8.488888889,4 March 2014
TRL3593,Planned Maintenance,0.151388889,4 March 2014
TRL3593,Planned Maintenance,0.150277778,4 March 2014
TRL3593,StandBy,1.381944444,4 March 2014
TRL3593,StandBy,2.140555556,4 March 2014
TRL3594,Un-Planned Maintenance,12,4 March 2014
TRL3594,Un-Planned Maintenance,12,4 March 2014
TR021,Delays,0.092222222,5 March 2014
TR021,Direct Operating,5.02,5 March 2014
TR021,StandBy,4.901388889,5 March 2014
TR021,StandBy,1.136944444,5 March 2014
TR021,Un-Planned Maintenance,1.986388889,5 March 2014
TR021,Un-Planned Maintenance,10.86333333,5 March 2014
TR022,StandBy,12,5 March 2014
TR022,StandBy,12,5 March 2014
TR025,Delays,1.2075,5 March 2014
TR025,Direct Operating,7.921388889,5 March 2014
TR025,Planned Maintenance,0.821944444,5 March 2014
TR025,StandBy,2.049722222,5 March 2014
TR025,StandBy,12.00027778,5 March 2014
TR026,Delays,0.633055556,5 March 2014
TR026,Delays,5.775555556,5 March 2014
TR026,Direct Operating,1.585277778,5 March 2014
TR026,Direct Operating,3.871944444,5 March 2014
TR026,Planned Maintenance,2.541111111,5 March 2014
TR026,Planned Maintenance,1.125555556,5 March 2014
TR026,StandBy,7.240555556,5 March 2014
TR026,StandBy,1.227222222,5 March 2014
TR027,Delays,0.435833333,5 March 2014
TR027,Delays,1.120555556,5 March 2014
TR027,Direct Operating,9.047222222,5 March 2014
TR027,StandBy,11.56444444,5 March 2014
TR027,StandBy,1.8325,5 March 2014
TR028,Delays,1.631111111,5 March 2014
TR028,Delays,0.528611111,5 March 2014
TR028,Direct Operating,8.628888889,5 March 2014
TR028,Direct Operating,9.368888889,5 March 2014
TR028,Planned Maintenance,0.251111111,5 March 2014
TR028,StandBy,1.488888889,5 March 2014
TR028,StandBy,2.1025,5 March 2014
TR029,Delays,1.323333333,5 March 2014
TR029,Direct Operating,8.593611111,5 March 2014
TR029,Planned Maintenance,0.473333333,5 March 2014
TR029,StandBy,12,5 March 2014
TR029,StandBy,1.61,5 March 2014
TR030,Delays,0.8225,5 March 2014
TR030,Delays,0.576666667,5 March 2014
TR030,Direct Operating,8.699444444,5 March 2014
TR030,Direct Operating,7.847222222,5 March 2014
TR030,Planned Maintenance,0.240555556,5 March 2014
TR030,StandBy,2.237777778,5 March 2014
TR030,StandBy,3.576111111,5 March 2014
TR031,Delays,0.712777778,5 March 2014
TR031,Delays,0.439722222,5 March 2014
TR031,Direct Operating,5.446666667,5 March 2014
TR031,Direct Operating,7.982777778,5 March 2014
TR031,StandBy,5.841111111,5 March 2014
TR031,StandBy,3.377777778,5 March 2014
TR031,Un-Planned Maintenance,0.199722222,5 March 2014
TR032,Delays,0.447222222,5 March 2014
TR032,Delays,0.876666667,5 March 2014
TR032,Direct Operating,8.165,5 March 2014
TR032,Direct Operating,9.036944444,5 March 2014
TR032,Planned Maintenance,0.461111111,5 March 2014
TR032,Planned Maintenance,0.631944444,5 March 2014
TR032,StandBy,2.926666667,5 March 2014
TR032,StandBy,1.455,5 March 2014
TR201,Delays,1.466944444,5 March 2014
TR201,Delays,0.876944444,5 March 2014
TR201,Direct Operating,6.688333333,5 March 2014
TR201,Direct Operating,4.125,5 March 2014
TR201,Planned Maintenance,0.229444444,5 March 2014
TR201,Planned Maintenance,0.087222222,5 March 2014
TR201,StandBy,3.615,5 March 2014
TR201,StandBy,6.910277778,5 March 2014
TR202,Delays,0.398055556,5 March 2014
TR202,Delays,1.013333333,5 March 2014
TR202,Direct Operating,1.706111111,5 March 2014
TR202,Direct Operating,1.661111111,5 March 2014
TR202,Planned Maintenance,0.126111111,5 March 2014
TR202,StandBy,9.896111111,5 March 2014
TR202,StandBy,9.199444444,5 March 2014
TR203,Delays,0.268055556,5 March 2014
TR203,StandBy,11.73194444,5 March 2014
TR203,StandBy,0.204166667,5 March 2014
TR203,Un-Planned Maintenance,11.79555556,5 March 2014
TR204,StandBy,11.57777778,5 March 2014
TR204,StandBy,11.99972222,5 March 2014
TR204,Un-Planned Maintenance,0.422222222,5 March 2014
TR205,Delays,1.141944444,5 March 2014
TR205,Delays,0.947777778,5 March 2014
TR205,Direct Operating,6.398333333,5 March 2014
TR205,Direct Operating,7.776388889,5 March 2014
TR205,Planned Maintenance,0.232777778,5 March 2014
TR205,Planned Maintenance,0.125555556,5 March 2014
TR205,StandBy,4.227222222,5 March 2014
TR205,StandBy,3.15,5 March 2014
TR206,Delays,1.176388889,5 March 2014
TR206,Delays,2.954444444,5 March 2014
TR206,Direct Operating,7.352777778,5 March 2014
TR206,Direct Operating,6.437777778,5 March 2014
TR206,Planned Maintenance,0.034444444,5 March 2014
TR206,Planned Maintenance,0.223055556,5 March 2014
TR206,StandBy,3.436388889,5 March 2014
TR206,StandBy,2.384722222,5 March 2014
TR207,Delays,2.8725,5 March 2014
TR207,Delays,0.610277778,5 March 2014
TR207,Direct Operating,2.881944444,5 March 2014
TR207,Direct Operating,8.176111111,5 March 2014
TR207,Planned Maintenance,0.190277778,5 March 2014
TR207,Planned Maintenance,0.070555556,5 March 2014
TR207,StandBy,6.055,5 March 2014
TR207,StandBy,3.142777778,5 March 2014
TR208,Delays,0.726111111,5 March 2014
TR208,Delays,0.940277778,5 March 2014
TR208,Direct Operating,2.346388889,5 March 2014
TR208,Direct Operating,8.456944444,5 March 2014
TR208,Planned Maintenance,0.097777778,5 March 2014
TR208,StandBy,8.9275,5 March 2014
TR208,StandBy,2.504722222,5 March 2014
TR221,Delays,1.241666667,5 March 2014
TR221,Delays,0.444166667,5 March 2014
TR221,Direct Operating,8.571944444,5 March 2014
TR221,Direct Operating,11.05722222,5 March 2014
TR221,Planned Maintenance,0.217222222,5 March 2014
TR221,Planned Maintenance,0.2325,5 March 2014
TR221,StandBy,1.969444444,5 March 2014
TR221,StandBy,0.266111111,5 March 2014
TR222,Delays,3.044444444,5 March 2014
TR222,Delays,2.523055556,5 March 2014
TR222,Direct Operating,3.364722222,5 March 2014
TR222,Direct Operating,5.674166667,5 March 2014
TR222,Planned Maintenance,0.258888889,5 March 2014
TR222,Planned Maintenance,0.165833333,5 March 2014
TR222,StandBy,5.2825,5 March 2014
TR222,StandBy,3.637222222,5 March 2014
TR222,Un-Planned Maintenance,0.049444444,5 March 2014
TR223,Delays,1.045555556,5 March 2014
TR223,Delays,1.081111111,5 March 2014
TR223,Direct Operating,8.13,5 March 2014
TR223,Direct Operating,10.40694444,5 March 2014
TR223,Planned Maintenance,0.346111111,5 March 2014
TR223,Planned Maintenance,0.166111111,5 March 2014
TR223,StandBy,2.478333333,5 March 2014
TR223,StandBy,0.345555556,5 March 2014
TR224,Delays,1.022777778,5 March 2014
TR224,Delays,0.721666667,5 March 2014
TR224,Direct Operating,8.537222222,5 March 2014
TR224,Direct Operating,10.845,5 March 2014
TR224,Planned Maintenance,0.165277778,5 March 2014
TR224,StandBy,2.440277778,5 March 2014
TR224,StandBy,0.268055556,5 March 2014
TRB004,Delays,0.535555556,5 March 2014
TRB004,Delays,0.908055556,5 March 2014
TRB004,Direct Operating,9.696388889,5 March 2014
TRB004,Direct Operating,7.213055556,5 March 2014
TRB004,StandBy,1.767777778,5 March 2014
TRB004,StandBy,0.405,5 March 2014
TRB004,Un-Planned Maintenance,3.474166667,5 March 2014
TRB006,Delays,0.580833333,5 March 2014
TRB006,Delays,2.495277778,5 March 2014
TRB006,Direct Operating,8.363611111,5 March 2014
TRB006,Direct Operating,3.025555556,5 March 2014
TRB006,StandBy,3.055,5 March 2014
TRB006,StandBy,0.658888889,5 March 2014
TRB006,Un-Planned Maintenance,5.820277778,5 March 2014
TRB041,StandBy,12,5 March 2014
TRB041,StandBy,0.061666667,5 March 2014
TRB041,Un-Planned Maintenance,11.93833333,5 March 2014
TRB114,Delays,0.667222222,5 March 2014
TRB114,Delays,1.045277778,5 March 2014
TRB114,Direct Operating,9.814444444,5 March 2014
TRB114,Direct Operating,9.638888889,5 March 2014
TRB114,StandBy,1.518333333,5 March 2014
TRB114,StandBy,1.315833333,5 March 2014
TRL3591,Planned Maintenance,11.56388889,5 March 2014
TRL3591,StandBy,7.5,5 March 2014
TRL3591,Un-Planned Maintenance,0.436111111,5 March 2014
TRL3591,Un-Planned Maintenance,4.5,5 March 2014
TRL3592,Delays,2.524444444,5 March 2014
TRL3592,Delays,0.623888889,5 March 2014
TRL3592,Direct Operating,3.145,5 March 2014
TRL3592,Direct Operating,10.86138889,5 March 2014
TRL3592,Planned Maintenance,0.005833333,5 March 2014
TRL3592,Planned Maintenance,0.171388889,5 March 2014
TRL3592,StandBy,6.325277778,5 March 2014
TRL3592,StandBy,0.343611111,5 March 2014
TRL3593,Delays,1.921666667,5 March 2014
TRL3593,Direct Operating,1.486944444,5 March 2014
TRL3593,Planned Maintenance,7.282777778,5 March 2014
TRL3593,Planned Maintenance,6,5 March 2014
TRL3593,StandBy,0.879444444,5 March 2014
TRL3593,Un-Planned Maintenance,0.428888889,5 March 2014
TRL3593,Un-Planned Maintenance,6,5 March 2014
TRL3594,Un-Planned Maintenance,12,5 March 2014
TRL3594,Un-Planned Maintenance,12,5 March 2014
TR021,Delays,0.011111111,6 March 2014
TR021,Delays,2.412222222,6 March 2014
TR021,Direct Operating,1.003333333,6 March 2014
TR021,Direct Operating,2.253333333,6 March 2014
TR021,Planned Maintenance,0.001388889,6 March 2014
TR021,Planned Maintenance,0.562222222,6 March 2014
TR021,StandBy,7.319722222,6 March 2014
TR021,StandBy,5.464722222,6 March 2014
TR021,Un-Planned Maintenance,3.664444444,6 March 2014
TR021,Un-Planned Maintenance,1.3075,6 March 2014
TR022,StandBy,12,6 March 2014
TR022,StandBy,12,6 March 2014
TR025,Delays,0.003333333,6 March 2014
TR025,Direct Operating,1.700833333,6 March 2014
TR025,StandBy,7.046944444,6 March 2014
TR025,StandBy,12,6 March 2014
TR025,Un-Planned Maintenance,3.248888889,6 March 2014
TR026,Delays,0.655555556,6 March 2014
TR026,Direct Operating,4.480833333,6 March 2014
TR026,Planned Maintenance,0.501666667,6 March 2014
TR026,Planned Maintenance,8.758611111,6 March 2014
TR026,StandBy,5.810555556,6 March 2014
TR026,StandBy,3.241388889,6 March 2014
TR026,Un-Planned Maintenance,0.551666667,6 March 2014
TR027,StandBy,12,6 March 2014
TR027,StandBy,11.99972222,6 March 2014
TR028,Delays,0.160555556,6 March 2014
TR028,Delays,0.331944444,6 March 2014
TR028,Direct Operating,9.731666667,6 March 2014
TR028,Direct Operating,9.727777778,6 March 2014
TR028,Planned Maintenance,0.315277778,6 March 2014
TR028,StandBy,1.792777778,6 March 2014
TR028,StandBy,1.939722222,6 March 2014
TR029,Delays,0.447777778,6 March 2014
TR029,Delays,0.475277778,6 March 2014
TR029,Direct Operating,5.759444444,6 March 2014
TR029,Direct Operating,5.981111111,6 March 2014
TR029,Planned Maintenance,0.241388889,6 March 2014
TR029,Planned Maintenance,0.46,6 March 2014
TR029,StandBy,3.380833333,6 March 2014
TR029,StandBy,5.083611111,6 March 2014
TR029,Un-Planned Maintenance,2.170277778,6 March 2014
TR030,Delays,0.908333333,6 March 2014
TR030,Delays,0.296111111,6 March 2014
TR030,Direct Operating,9.407777778,6 March 2014
TR030,Direct Operating,9.327222222,6 March 2014
TR030,Planned Maintenance,0.071666667,6 March 2014
TR030,StandBy,1.611666667,6 March 2014
TR030,StandBy,2.376388889,6 March 2014
TR031,Delays,0.01,6 March 2014
TR031,Delays,0.379166667,6 March 2014
TR031,Direct Operating,10.24666667,6 March 2014
TR031,Direct Operating,8.206666667,6 March 2014
TR031,Planned Maintenance,0.379166667,6 March 2014
TR031,StandBy,1.364444444,6 March 2014
TR031,StandBy,3.414166667,6 March 2014
TR032,Delays,0.711666667,6 March 2014
TR032,Delays,0.548333333,6 March 2014
TR032,Direct Operating,8.600555556,6 March 2014
TR032,Direct Operating,7.165555556,6 March 2014
TR032,Planned Maintenance,0.51,6 March 2014
TR032,Planned Maintenance,0.151388889,6 March 2014
TR032,StandBy,2.177222222,6 March 2014
TR032,StandBy,4.134722222,6 March 2014
TR201,Delays,1.606388889,6 March 2014
TR201,Delays,1.162222222,6 March 2014
TR201,Direct Operating,8.466388889,6 March 2014
TR201,Direct Operating,8.678611111,6 March 2014
TR201,Planned Maintenance,0.076111111,6 March 2014
TR201,Planned Maintenance,0.1375,6 March 2014
TR201,StandBy,1.851111111,6 March 2014
TR201,StandBy,2.021388889,6 March 2014
TR202,Delays,0.8525,6 March 2014
TR202,Delays,0.847222222,6 March 2014
TR202,Direct Operating,7.563055556,6 March 2014
TR202,Direct Operating,9.274166667,6 March 2014
TR202,Planned Maintenance,0.033333333,6 March 2014
TR202,Planned Maintenance,0.181944444,6 March 2014
TR202,StandBy,3.551111111,6 March 2014
TR202,StandBy,1.696944444,6 March 2014
TR203,Delays,0.459722222,6 March 2014
TR203,Delays,0.795277778,6 March 2014
TR203,Direct Operating,1.148333333,6 March 2014
TR203,Direct Operating,9.171111111,6 March 2014
TR203,Planned Maintenance,0.236666667,6 March 2014
TR203,StandBy,7.8225,6 March 2014
TR203,StandBy,1.797222222,6 March 2014
TR203,Un-Planned Maintenance,2.569722222,6 March 2014
TR204,Delays,1.320833333,6 March 2014
TR204,Delays,1.181944444,6 March 2014
TR204,Direct Operating,7.031111111,6 March 2014
TR204,Direct Operating,8.778611111,6 March 2014
TR204,Planned Maintenance,0.168333333,6 March 2014
TR204,Planned Maintenance,0.283333333,6 March 2014
TR204,StandBy,3.479444444,6 March 2014
TR204,StandBy,1.756111111,6 March 2014
TR205,Delays,1.856666667,6 March 2014
TR205,Delays,1.215,6 March 2014
TR205,Direct Operating,2.828888889,6 March 2014
TR205,Direct Operating,8.231666667,6 March 2014
TR205,Planned Maintenance,0.229166667,6 March 2014
TR205,StandBy,4.918055556,6 March 2014
TR205,StandBy,2.323888889,6 March 2014
TR205,Un-Planned Maintenance,2.396111111,6 March 2014
TR206,Delays,1.825555556,6 March 2014
TR206,Delays,0.777222222,6 March 2014
TR206,Direct Operating,8.339444444,6 March 2014
TR206,Direct Operating,9.446388889,6 March 2014
TR206,Planned Maintenance,0.151388889,6 March 2014
TR206,Planned Maintenance,0.130833333,6 March 2014
TR206,StandBy,1.683333333,6 March 2014
TR206,StandBy,1.645833333,6 March 2014
TR207,Delays,0.589444444,6 March 2014
TR207,Delays,0.995277778,6 March 2014
TR207,Direct Operating,0.795833333,6 March 2014
TR207,Direct Operating,8.708888889,6 March 2014
TR207,Planned Maintenance,0.13,6 March 2014
TR207,StandBy,7.013611111,6 March 2014
TR207,StandBy,2.165,6 March 2014
TR207,Un-Planned Maintenance,3.600833333,6 March 2014
TR208,Delays,1.114444444,6 March 2014
TR208,Delays,0.805277778,6 March 2014
TR208,Direct Operating,8.966666667,6 March 2014
TR208,Direct Operating,7.974722222,6 March 2014
TR208,Planned Maintenance,0.111388889,6 March 2014
TR208,Planned Maintenance,0.114722222,6 March 2014
TR208,StandBy,1.807777778,6 March 2014
TR208,StandBy,3.105,6 March 2014
TR221,Delays,1.463888889,6 March 2014
TR221,Delays,0.769722222,6 March 2014
TR221,Direct Operating,9.581388889,6 March 2014
TR221,Direct Operating,10.40472222,6 March 2014
TR221,Planned Maintenance,0.134444444,6 March 2014
TR221,StandBy,0.819722222,6 March 2014
TR221,StandBy,0.825,6 March 2014
TR222,Delays,1.900277778,6 March 2014
TR222,Delays,0.964166667,6 March 2014
TR222,Direct Operating,6.273888889,6 March 2014
TR222,Direct Operating,8.789444444,6 March 2014
TR222,Planned Maintenance,0.155833333,6 March 2014
TR222,Planned Maintenance,0.186111111,6 March 2014
TR222,StandBy,3.670277778,6 March 2014
TR222,StandBy,2.060277778,6 March 2014
TR223,Delays,1.099444444,6 March 2014
TR223,Delays,1.296388889,6 March 2014
TR223,Direct Operating,9.957777778,6 March 2014
TR223,Direct Operating,7.609722222,6 March 2014
TR223,Planned Maintenance,0.123888889,6 March 2014
TR223,Planned Maintenance,0.164166667,6 March 2014
TR223,StandBy,0.751111111,6 March 2014
TR223,StandBy,0.598611111,6 March 2014
TR223,Un-Planned Maintenance,0.067777778,6 March 2014
TR223,Un-Planned Maintenance,2.331666667,6 March 2014
TR224,Delays,0.922777778,6 March 2014
TR224,Delays,0.534722222,6 March 2014
TR224,Direct Operating,10.12472222,6 March 2014
TR224,Direct Operating,10.61333333,6 March 2014
TR224,Planned Maintenance,0.134444444,6 March 2014
TR224,Planned Maintenance,0.158888889,6 March 2014
TR224,StandBy,0.817777778,6 March 2014
TR224,StandBy,0.693333333,6 March 2014
TRB004,Un-Planned Maintenance,12.00027778,6 March 2014
TRB004,Un-Planned Maintenance,12,6 March 2014
TRB006,Delays,0.181388889,6 March 2014
TRB006,Direct Operating,7.415,6 March 2014
TRB006,StandBy,0.407777778,6 March 2014
TRB006,Un-Planned Maintenance,11.99972222,6 March 2014
TRB006,Un-Planned Maintenance,3.995555556,6 March 2014
TRB041,Delays,0.318611111,6 March 2014
TRB041,Direct Operating,3.643055556,6 March 2014
TRB041,StandBy,1.564444444,6 March 2014
TRB041,Un-Planned Maintenance,12,6 March 2014
TRB041,Un-Planned Maintenance,6.473888889,6 March 2014
TRB114,Delays,0.367222222,6 March 2014
TRB114,Delays,1.681666667,6 March 2014
TRB114,Direct Operating,6.843888889,6 March 2014
TRB114,Direct Operating,3.831388889,6 March 2014
TRB114,StandBy,4.789166667,6 March 2014
TRB114,StandBy,0.880833333,6 March 2014
TRB114,Un-Planned Maintenance,5.606111111,6 March 2014
TRL3591,Delays,2.1475,6 March 2014
TRL3591,Delays,0.550277778,6 March 2014
TRL3591,Direct Operating,3.303611111,6 March 2014
TRL3591,Direct Operating,8.831944444,6 March 2014
TRL3591,Planned Maintenance,0.138611111,6 March 2014
TRL3591,Planned Maintenance,0.183611111,6 March 2014
TRL3591,StandBy,3.736944444,6 March 2014
TRL3591,StandBy,2.434166667,6 March 2014
TRL3591,Un-Planned Maintenance,2.673333333,6 March 2014
TRL3592,Delays,1.850277778,6 March 2014
TRL3592,Delays,1.075,6 March 2014
TRL3592,Direct Operating,6.703055556,6 March 2014
TRL3592,Direct Operating,9.308611111,6 March 2014
TRL3592,Planned Maintenance,0.164722222,6 March 2014
TRL3592,Planned Maintenance,0.135,6 March 2014
TRL3592,StandBy,3.281666667,6 March 2014
TRL3592,StandBy,1.481111111,6 March 2014
TRL3593,Delays,1.552777778,6 March 2014
TRL3593,Direct Operating,4.083888889,6 March 2014
TRL3593,Planned Maintenance,0.018888889,6 March 2014
TRL3593,StandBy,3.100277778,6 March 2014
TRL3593,Un-Planned Maintenance,11.98111111,6 March 2014
TRL3593,Un-Planned Maintenance,3.263333333,6 March 2014
TRL3594,Un-Planned Maintenance,12,6 March 2014
TRL3594,Un-Planned Maintenance,12,6 March 2014
TR021,Delays,0.02,7 March 2014
TR021,StandBy,5.907222222,7 March 2014
TR021,StandBy,12,7 March 2014
TR021,Un-Planned Maintenance,6.072777778,7 March 2014
TR022,StandBy,12,7 March 2014
TR022,StandBy,12,7 March 2014
TR025,StandBy,11.99972222,7 March 2014
TR025,StandBy,12,7 March 2014
TR026,Delays,0.158333333,7 March 2014
TR026,Delays,4.006944444,7 March 2014
TR026,Direct Operating,3.858888889,7 March 2014
TR026,Direct Operating,5.096666667,7 March 2014
TR026,StandBy,7.982777778,7 March 2014
TR026,StandBy,2.896111111,7 March 2014
TR027,Delays,1.450277778,7 March 2014
TR027,Delays,0.006666667,7 March 2014
TR027,Direct Operating,8.792777778,7 March 2014
TR027,Direct Operating,2.508888889,7 March 2014
TR027,StandBy,1.756666667,7 March 2014
TR027,StandBy,9.484166667,7 March 2014
TR028,Delays,0.297222222,7 March 2014
TR028,Delays,0.029722222,7 March 2014
TR028,Direct Operating,9.069444444,7 March 2014
TR028,Direct Operating,9.93,7 March 2014
TR028,Planned Maintenance,0.283888889,7 March 2014
TR028,StandBy,2.348888889,7 March 2014
TR028,StandBy,2.040277778,7 March 2014
TR029,Delays,0.027222222,7 March 2014
TR029,Delays,0.861944444,7 March 2014
TR029,Direct Operating,8.077777778,7 March 2014
TR029,Direct Operating,7.487222222,7 March 2014
TR029,Planned Maintenance,0.871111111,7 March 2014
TR029,Planned Maintenance,0.003055556,7 March 2014
TR029,StandBy,3.024166667,7 March 2014
TR029,StandBy,2.581111111,7 March 2014
TR029,Un-Planned Maintenance,1.066388889,7 March 2014
TR030,Delays,0.73,7 March 2014
TR030,Delays,0.006111111,7 March 2014
TR030,Direct Operating,9.205833333,7 March 2014
TR030,Direct Operating,9.854444444,7 March 2014
TR030,Planned Maintenance,0.221944444,7 March 2014
TR030,StandBy,1.841944444,7 March 2014
TR030,StandBy,2.139166667,7 March 2014
TR031,Delays,0.205,7 March 2014
TR031,Direct Operating,9.281388889,7 March 2014
TR031,Direct Operating,5.933611111,7 March 2014
TR031,Planned Maintenance,0.204166667,7 March 2014
TR031,StandBy,2.309444444,7 March 2014
TR031,StandBy,1.5825,7 March 2014
TR031,Un-Planned Maintenance,4.483888889,7 March 2014
TR032,Delays,0.544444444,7 March 2014
TR032,Delays,0.274444444,7 March 2014
TR032,Direct Operating,8.780555556,7 March 2014
TR032,Direct Operating,9.090277778,7 March 2014
TR032,Planned Maintenance,0.566388889,7 March 2014
TR032,Planned Maintenance,0.316388889,7 March 2014
TR032,StandBy,2.108611111,7 March 2014
TR032,StandBy,2.319444444,7 March 2014
TR201,Delays,1.2075,7 March 2014
TR201,Direct Operating,1.338333333,7 March 2014
TR201,StandBy,0.473055556,7 March 2014
TR201,StandBy,0.999722222,7 March 2014
TR201,Un-Planned Maintenance,8.981111111,7 March 2014
TR201,Un-Planned Maintenance,11,7 March 2014
TR202,Delays,0.947777778,7 March 2014
TR202,Delays,0.786388889,7 March 2014
TR202,Direct Operating,5.038888889,7 March 2014
TR202,Direct Operating,9.398611111,7 March 2014
TR202,Planned Maintenance,0.115277778,7 March 2014
TR202,Planned Maintenance,0.2375,7 March 2014
TR202,StandBy,5.897777778,7 March 2014
TR202,StandBy,1.577222222,7 March 2014
TR203,Delays,1.431944444,7 March 2014
TR203,Direct Operating,8.274722222,7 March 2014
TR203,StandBy,12,7 March 2014
TR203,StandBy,1.973888889,7 March 2014
TR203,Un-Planned Maintenance,0.319722222,7 March 2014
TR204,Delays,1.266666667,7 March 2014
TR204,Delays,0.39,7 March 2014
TR204,Direct Operating,4.272222222,7 March 2014
TR204,Direct Operating,9.319444444,7 March 2014
TR204,Planned Maintenance,0.341944444,7 March 2014
TR204,Planned Maintenance,0.11,7 March 2014
TR204,StandBy,6.119722222,7 March 2014
TR204,StandBy,2.180277778,7 March 2014
TR205,Delays,1.466388889,7 March 2014
TR205,Delays,0.973611111,7 March 2014
TR205,Direct Operating,4.521944444,7 March 2014
TR205,Direct Operating,9.14,7 March 2014
TR205,StandBy,6.011944444,7 March 2014
TR205,StandBy,1.886111111,7 March 2014
TR206,Delays,0.433333333,7 March 2014
TR206,Delays,0.925555556,7 March 2014
TR206,Direct Operating,5.014722222,7 March 2014
TR206,Direct Operating,8.22,7 March 2014
TR206,Planned Maintenance,0.378055556,7 March 2014
TR206,Planned Maintenance,0.236388889,7 March 2014
TR206,StandBy,6.173611111,7 March 2014
TR206,StandBy,2.617222222,7 March 2014
TR207,Delays,1.762222222,7 March 2014
TR207,Direct Operating,7.838333333,7 March 2014
TR207,Planned Maintenance,0.661666667,7 March 2014
TR207,StandBy,9.325,7 March 2014
TR207,StandBy,1.452777778,7 March 2014
TR207,Un-Planned Maintenance,2.675,7 March 2014
TR207,Un-Planned Maintenance,0.284722222,7 March 2014
TR208,Delays,0.783611111,7 March 2014
TR208,Delays,0.82,7 March 2014
TR208,Direct Operating,5.329444444,7 March 2014
TR208,Direct Operating,8.51,7 March 2014
TR208,Planned Maintenance,0.208333333,7 March 2014
TR208,Planned Maintenance,0.181666667,7 March 2014
TR208,StandBy,5.678611111,7 March 2014
TR208,StandBy,2.487777778,7 March 2014
TR221,Delays,2.243611111,7 March 2014
TR221,Delays,0.5125,7 March 2014
TR221,Direct Operating,9.565555556,7 March 2014
TR221,Direct Operating,9.954444444,7 March 2014
TR221,Planned Maintenance,0.190555556,7 March 2014
TR221,Planned Maintenance,0.481666667,7 March 2014
TR221,StandBy,1.051666667,7 March 2014
TR222,Delays,0.57,7 March 2014
TR222,Direct Operating,9.231666667,7 March 2014
TR222,Planned Maintenance,0.111666667,7 March 2014
TR222,StandBy,12,7 March 2014
TR222,StandBy,2.086388889,7 March 2014
TR223,Delays,1.830555556,7 March 2014
TR223,Delays,1.246388889,7 March 2014
TR223,Direct Operating,9.426388889,7 March 2014
TR223,Direct Operating,8.661666667,7 March 2014
TR223,Planned Maintenance,0.141944444,7 March 2014
TR223,Planned Maintenance,0.186666667,7 March 2014
TR223,StandBy,0.601666667,7 March 2014
TR223,StandBy,1.905277778,7 March 2014
TR224,Delays,3.240277778,7 March 2014
TR224,Delays,0.879444444,7 March 2014
TR224,Direct Operating,8.524722222,7 March 2014
TR224,Direct Operating,9.9175,7 March 2014
TR224,Planned Maintenance,0.235555556,7 March 2014
TR224,Planned Maintenance,0.151111111,7 March 2014
TR224,StandBy,1.051388889,7 March 2014
TRB004,Un-Planned Maintenance,12,7 March 2014
TRB004,Un-Planned Maintenance,12,7 March 2014
TRB006,Delays,1.027777778,7 March 2014
TRB006,Delays,0.816944444,7 March 2014
TRB006,Direct Operating,7.449166667,7 March 2014
TRB006,Direct Operating,9.655555556,7 March 2014
TRB006,StandBy,1.057222222,7 March 2014
TRB006,StandBy,1.528055556,7 March 2014
TRB006,Un-Planned Maintenance,2.465833333,7 March 2014
TRB041,Delays,1.0425,7 March 2014
TRB041,Delays,0.300277778,7 March 2014
TRB041,Direct Operating,9.028888889,7 March 2014
TRB041,Direct Operating,9.950555556,7 March 2014
TRB041,StandBy,1.928611111,7 March 2014
TRB041,StandBy,1.749166667,7 March 2014
TRB114,Delays,0.916666667,7 March 2014
TRB114,Delays,0.171388889,7 March 2014
TRB114,Direct Operating,9.286666667,7 March 2014
TRB114,Direct Operating,8.771944444,7 March 2014
TRB114,StandBy,0.704722222,7 March 2014
TRB114,StandBy,1.905833333,7 March 2014
TRB114,Un-Planned Maintenance,1.091944444,7 March 2014
TRB114,Un-Planned Maintenance,1.151111111,7 March 2014
TRL3591,Delays,2.308055556,7 March 2014
TRL3591,Delays,1.096388889,7 March 2014
TRL3591,Direct Operating,8.475833333,7 March 2014
TRL3591,Direct Operating,8.524166667,7 March 2014
TRL3591,Planned Maintenance,0.390277778,7 March 2014
TRL3591,Planned Maintenance,0.220833333,7 March 2014
TRL3591,StandBy,0.825555556,7 March 2014
TRL3591,StandBy,2.158055556,7 March 2014
TRL3592,Delays,3.228055556,7 March 2014
TRL3592,Delays,0.735,7 March 2014
TRL3592,Direct Operating,7.6925,7 March 2014
TRL3592,Direct Operating,9.034444444,7 March 2014
TRL3592,Planned Maintenance,0.240277778,7 March 2014
TRL3592,Planned Maintenance,0.1925,7 March 2014
TRL3592,StandBy,0.839444444,7 March 2014
TRL3592,StandBy,2.038055556,7 March 2014
TRL3593,Delays,3.630833333,7 March 2014
TRL3593,Delays,0.5675,7 March 2014
TRL3593,Direct Operating,7.465,7 March 2014
TRL3593,Direct Operating,10.27861111,7 March 2014
TRL3593,Planned Maintenance,0.131944444,7 March 2014
TRL3593,Planned Maintenance,0.270277778,7 March 2014
TRL3593,StandBy,0.772222222,7 March 2014
TRL3593,StandBy,0.883888889,7 March 2014
TRL3594,Un-Planned Maintenance,12,7 March 2014
TRL3594,Un-Planned Maintenance,12,7 March 2014
TR021,StandBy,12.00027778,8 March 2014
TR021,StandBy,12.00027778,8 March 2014
TR022,StandBy,12,8 March 2014
TR022,StandBy,12,8 March 2014
TR025,Delays,0.005277778,8 March 2014
TR025,Delays,1.236388889,8 March 2014
TR025,Direct Operating,8.770277778,8 March 2014
TR025,Planned Maintenance,10.69916667,8 March 2014
TR025,Planned Maintenance,0.673888889,8 March 2014
TR025,StandBy,1.295555556,8 March 2014
TR025,StandBy,1.32,8 March 2014
TR026,Delays,0.020277778,8 March 2014
TR026,Planned Maintenance,1.390555556,8 March 2014
TR026,StandBy,10.58944444,8 March 2014
TR026,StandBy,12,8 March 2014
TR027,Delays,0.444166667,8 March 2014
TR027,Delays,0.198333333,8 March 2014
TR027,Direct Operating,7.396388889,8 March 2014
TR027,Direct Operating,9.353611111,8 March 2014
TR027,StandBy,4.159722222,8 March 2014
TR027,StandBy,2.447777778,8 March 2014
TR028,Delays,0.359722222,8 March 2014
TR028,Delays,0.141944444,8 March 2014
TR028,Direct Operating,9.117777778,8 March 2014
TR028,Direct Operating,6.569722222,8 March 2014
TR028,StandBy,2.5225,8 March 2014
TR028,StandBy,5.288333333,8 March 2014
TR029,Delays,1.332777778,8 March 2014
TR029,Direct Operating,7.871944444,8 March 2014
TR029,Planned Maintenance,0.415833333,8 March 2014
TR029,Planned Maintenance,12,8 March 2014
TR029,StandBy,2.011944444,8 March 2014
TR029,Un-Planned Maintenance,0.368055556,8 March 2014
TR030,Delays,0.407222222,8 March 2014
TR030,Delays,0.159722222,8 March 2014
TR030,Direct Operating,8.639722222,8 March 2014
TR030,Direct Operating,3.058333333,8 March 2014
TR030,Planned Maintenance,0.175277778,8 March 2014
TR030,StandBy,2.7775,8 March 2014
TR030,StandBy,8.781944444,8 March 2014
TR031,Delays,0.783333333,8 March 2014
TR031,StandBy,4.7925,8 March 2014
TR031,StandBy,10.45888889,8 March 2014
TR031,Un-Planned Maintenance,6.424166667,8 March 2014
TR031,Un-Planned Maintenance,1.541111111,8 March 2014
TR032,Delays,0.022222222,8 March 2014
TR032,Delays,0.797777778,8 March 2014
TR032,Direct Operating,8.763333333,8 March 2014
TR032,Direct Operating,9.064166667,8 March 2014
TR032,Planned Maintenance,0.391944444,8 March 2014
TR032,Planned Maintenance,0.559166667,8 March 2014
TR032,StandBy,2.822222222,8 March 2014
TR032,StandBy,1.578888889,8 March 2014
TR201,Delays,0.084444444,8 March 2014
TR201,Direct Operating,0.6075,8 March 2014
TR201,StandBy,12,8 March 2014
TR201,StandBy,11.30833333,8 March 2014
TR202,Delays,1.569166667,8 March 2014
TR202,Delays,0.887222222,8 March 2014
TR202,Direct Operating,8.440833333,8 March 2014
TR202,Direct Operating,9.474166667,8 March 2014
TR202,Planned Maintenance,0.1775,8 March 2014
TR202,Planned Maintenance,0.199166667,8 March 2014
TR202,StandBy,1.8125,8 March 2014
TR202,StandBy,1.439444444,8 March 2014
TR203,Delays,0.377222222,8 March 2014
TR203,Direct Operating,5.163055556,8 March 2014
TR203,StandBy,12,8 March 2014
TR203,StandBy,6.459722222,8 March 2014
TR204,Delays,1.181944444,8 March 2014
TR204,Delays,0.709444444,8 March 2014
TR204,Direct Operating,8.656944444,8 March 2014
TR204,Direct Operating,9.101388889,8 March 2014
TR204,Planned Maintenance,0.184444444,8 March 2014
TR204,Planned Maintenance,0.199166667,8 March 2014
TR204,StandBy,1.976666667,8 March 2014
TR204,StandBy,1.990555556,8 March 2014
TR205,Delays,0.555833333,8 March 2014
TR205,Delays,1.0575,8 March 2014
TR205,Direct Operating,9.358888889,8 March 2014
TR205,Direct Operating,5.915277778,8 March 2014
TR205,Planned Maintenance,0.179722222,8 March 2014
TR205,StandBy,1.905833333,8 March 2014
TR205,StandBy,5.026944444,8 March 2014
TR206,Delays,0.222777778,8 March 2014
TR206,Direct Operating,8.170833333,8 March 2014
TR206,Planned Maintenance,0.293055556,8 March 2014
TR206,StandBy,12,8 March 2014
TR206,StandBy,3.313333333,8 March 2014
TR207,Delays,1.115,8 March 2014
TR207,Delays,1.231111111,8 March 2014
TR207,Direct Operating,6.681666667,8 March 2014
TR207,Direct Operating,9.021666667,8 March 2014
TR207,Planned Maintenance,0.140833333,8 March 2014
TR207,Planned Maintenance,0.164166667,8 March 2014
TR207,StandBy,4.062777778,8 March 2014
TR207,StandBy,1.583055556,8 March 2014
TR208,Delays,0.805277778,8 March 2014
TR208,Delays,0.921111111,8 March 2014
TR208,Direct Operating,9.284444444,8 March 2014
TR208,Direct Operating,8.818055556,8 March 2014
TR208,Planned Maintenance,0.166388889,8 March 2014
TR208,Planned Maintenance,0.324444444,8 March 2014
TR208,StandBy,1.743055556,8 March 2014
TR208,StandBy,1.936666667,8 March 2014
TR221,Delays,0.863333333,8 March 2014
TR221,Delays,0.229166667,8 March 2014
TR221,Direct Operating,10.13305556,8 March 2014
TR221,Direct Operating,10.37583333,8 March 2014
TR221,Planned Maintenance,0.18,8 March 2014
TR221,Planned Maintenance,0.141111111,8 March 2014
TR221,StandBy,0.823888889,8 March 2014
TR221,StandBy,1.253888889,8 March 2014
TR222,Delays,0.598611111,8 March 2014
TR222,Delays,0.355555556,8 March 2014
TR222,Direct Operating,9.400833333,8 March 2014
TR222,Direct Operating,9.442777778,8 March 2014
TR222,Planned Maintenance,0.195555556,8 March 2014
TR222,Planned Maintenance,0.269444444,8 March 2014
TR222,StandBy,1.805277778,8 March 2014
TR222,StandBy,1.9325,8 March 2014
TR223,Delays,0.008611111,8 March 2014
TR223,Delays,0.966111111,8 March 2014
TR223,Direct Operating,4.215277778,8 March 2014
TR223,Direct Operating,7.968888889,8 March 2014
TR223,Planned Maintenance,0.111666667,8 March 2014
TR223,StandBy,6.958055556,8 March 2014
TR223,StandBy,2.62,8 March 2014
TR223,Un-Planned Maintenance,0.818333333,8 March 2014
TR223,Un-Planned Maintenance,0.333333333,8 March 2014
TR224,Delays,0.874722222,8 March 2014
TR224,Delays,0.162777778,8 March 2014
TR224,Direct Operating,10.53555556,8 March 2014
TR224,Direct Operating,10.64444444,8 March 2014
TR224,Planned Maintenance,0.218055556,8 March 2014
TR224,Planned Maintenance,0.178333333,8 March 2014
TR224,StandBy,0.371666667,8 March 2014
TR224,StandBy,1.014722222,8 March 2014
TRB004,Un-Planned Maintenance,12,8 March 2014
TRB004,Un-Planned Maintenance,12,8 March 2014
TRB006,Delays,0.465555556,8 March 2014
TRB006,Direct Operating,8.5875,8 March 2014
TRB006,Direct Operating,10.62666667,8 March 2014
TRB006,StandBy,2.946666667,8 March 2014
TRB006,StandBy,1.373055556,8 March 2014
TRB041,Delays,1.264722222,8 March 2014
TRB041,Delays,1.050555556,8 March 2014
TRB041,Direct Operating,8.673333333,8 March 2014
TRB041,Direct Operating,6.558055556,8 March 2014
TRB041,StandBy,2.061944444,8 March 2014
TRB041,StandBy,1.331388889,8 March 2014
TRB041,Un-Planned Maintenance,3.059722222,8 March 2014
TRB114,Delays,1.500833333,8 March 2014
TRB114,Delays,0.511111111,8 March 2014
TRB114,Direct Operating,8.598611111,8 March 2014
TRB114,Direct Operating,8.921944444,8 March 2014
TRB114,StandBy,1.900833333,8 March 2014
TRB114,StandBy,1.432222222,8 March 2014
TRB114,Un-Planned Maintenance,1.134166667,8 March 2014
TRL3591,Delays,0.783888889,8 March 2014
TRL3591,Delays,0.914444444,8 March 2014
TRL3591,Direct Operating,8.083888889,8 March 2014
TRL3591,Direct Operating,8.252222222,8 March 2014
TRL3591,Planned Maintenance,0.1675,8 March 2014
TRL3591,Planned Maintenance,0.106111111,8 March 2014
TRL3591,StandBy,2.965277778,8 March 2014
TRL3591,StandBy,2.727222222,8 March 2014
TRL3592,Delays,0.599444444,8 March 2014
TRL3592,Delays,0.401944444,8 March 2014
TRL3592,Direct Operating,8.340555556,8 March 2014
TRL3592,Direct Operating,8.456388889,8 March 2014
TRL3592,Planned Maintenance,0.198888889,8 March 2014
TRL3592,Planned Maintenance,0.282222222,8 March 2014
TRL3592,StandBy,2.861111111,8 March 2014
TRL3592,StandBy,2.859166667,8 March 2014
TRL3593,Delays,0.499166667,8 March 2014
TRL3593,Delays,0.456111111,8 March 2014
TRL3593,Direct Operating,9.213611111,8 March 2014
TRL3593,Direct Operating,9.0125,8 March 2014
TRL3593,Planned Maintenance,0.208888889,8 March 2014
TRL3593,Planned Maintenance,0.273611111,8 March 2014
TRL3593,StandBy,2.079166667,8 March 2014
TRL3593,StandBy,2.257777778,8 March 2014
TRL3594,Un-Planned Maintenance,12,8 March 2014
TRL3594,Un-Planned Maintenance,12,8 March 2014
TR021,Delays,0.153055556,9 March 2014
TR021,Delays,0.896388889,9 March 2014
TR021,Direct Operating,1.843055556,9 March 2014
TR021,Direct Operating,6.2125,9 March 2014
TR021,StandBy,10.00416667,9 March 2014
TR021,StandBy,4.891666667,9 March 2014
TR022,StandBy,12,9 March 2014
TR022,StandBy,12,9 March 2014
TR025,Delays,1.008333333,9 March 2014
TR025,Direct Operating,9.3225,9 March 2014
TR025,StandBy,1.669166667,9 March 2014
TR025,StandBy,12,9 March 2014
TR026,Delays,4.691666667,9 March 2014
TR026,Delays,2.265277778,9 March 2014
TR026,Direct Operating,5.896944444,9 March 2014
TR026,Direct Operating,6.676944444,9 March 2014
TR026,StandBy,1.411388889,9 March 2014
TR026,StandBy,3.057777778,9 March 2014
TR027,Delays,0.041111111,9 March 2014
TR027,Direct Operating,9.550555556,9 March 2014
TR027,StandBy,6.7475,9 March 2014
TR027,StandBy,2.408055556,9 March 2014
TR027,Un-Planned Maintenance,5.252777778,9 March 2014
TR028,Delays,0.385,9 March 2014
TR028,Delays,0.916666667,9 March 2014
TR028,Direct Operating,8.983888889,9 March 2014
TR028,Direct Operating,8.94,9 March 2014
TR028,Planned Maintenance,0.186666667,9 March 2014
TR028,StandBy,2.444166667,9 March 2014
TR028,StandBy,2.143055556,9 March 2014
TR029,Delays,0.2725,9 March 2014
TR029,Direct Operating,8.186111111,9 March 2014
TR029,Planned Maintenance,11.01666667,9 March 2014
TR029,Planned Maintenance,1.334722222,9 March 2014
TR029,StandBy,0.983333333,9 March 2014
TR029,StandBy,2.206666667,9 March 2014
TR030,Delays,0.691111111,9 March 2014
TR030,Direct Operating,8.666666667,9 March 2014
TR030,Planned Maintenance,0.076388889,9 March 2014
TR030,StandBy,2.045555556,9 March 2014
TR030,StandBy,12,9 March 2014
TR030,Un-Planned Maintenance,0.520555556,9 March 2014
TR031,Delays,1.318611111,9 March 2014
TR031,Delays,0.760833333,9 March 2014
TR031,Direct Operating,9.067777778,9 March 2014
TR031,Direct Operating,8.862777778,9 March 2014
TR031,Planned Maintenance,0.109444444,9 March 2014
TR031,StandBy,1.504444444,9 March 2014
TR031,StandBy,2.376666667,9 March 2014
TR032,Delays,1.149722222,9 March 2014
TR032,Delays,0.558888889,9 March 2014
TR032,Direct Operating,8.889166667,9 March 2014
TR032,Direct Operating,8.694722222,9 March 2014
TR032,Planned Maintenance,0.2775,9 March 2014
TR032,Planned Maintenance,1.049722222,9 March 2014
TR032,StandBy,1.683055556,9 March 2014
TR032,StandBy,1.696944444,9 March 2014
TR201,Delays,0.698611111,9 March 2014
TR201,Delays,4.099444444,9 March 2014
TR201,Direct Operating,4.332222222,9 March 2014
TR201,Direct Operating,4.189166667,9 March 2014
TR201,Planned Maintenance,0.1125,9 March 2014
TR201,Planned Maintenance,0.268055556,9 March 2014
TR201,StandBy,6.857222222,9 March 2014
TR201,StandBy,3.442777778,9 March 2014
TR202,Delays,0.837222222,9 March 2014
TR202,Direct Operating,8.488888889,9 March 2014
TR202,Direct Operating,1.100277778,9 March 2014
TR202,Planned Maintenance,0.214444444,9 March 2014
TR202,StandBy,1.242222222,9 March 2014
TR202,StandBy,8.4,9 March 2014
TR202,Un-Planned Maintenance,1.218055556,9 March 2014
TR202,Un-Planned Maintenance,2.5,9 March 2014
TR203,Delays,1.309444444,9 March 2014
TR203,Delays,1.221111111,9 March 2014
TR203,Direct Operating,8.343333333,9 March 2014
TR203,Direct Operating,8.600833333,9 March 2014
TR203,Planned Maintenance,0.119722222,9 March 2014
TR203,Planned Maintenance,0.121388889,9 March 2014
TR203,StandBy,2.226944444,9 March 2014
TR203,StandBy,2.056666667,9 March 2014
TR204,Delays,1.293055556,9 March 2014
TR204,Delays,0.073055556,9 March 2014
TR204,Direct Operating,8.577777778,9 March 2014
TR204,Direct Operating,9.690555556,9 March 2014
TR204,Planned Maintenance,0.178333333,9 March 2014
TR204,Planned Maintenance,0.341388889,9 March 2014
TR204,StandBy,1.951111111,9 March 2014
TR204,StandBy,1.895277778,9 March 2014
TR205,Delays,0.294166667,9 March 2014
TR205,Direct Operating,2.720555556,9 March 2014
TR205,StandBy,0.664166667,9 March 2014
TR205,Un-Planned Maintenance,8.321111111,9 March 2014
TR205,Un-Planned Maintenance,12,9 March 2014
TR206,Delays,1.531666667,9 March 2014
TR206,Direct Operating,8.3475,9 March 2014
TR206,Planned Maintenance,0.2475,9 March 2014
TR206,Planned Maintenance,11.17194444,9 March 2014
TR206,StandBy,1.873333333,9 March 2014
TR206,StandBy,0.5,9 March 2014
TR206,Un-Planned Maintenance,0.327777778,9 March 2014
TR207,Delays,0.7025,9 March 2014
TR207,Delays,0.395,9 March 2014
TR207,Direct Operating,9.478888889,9 March 2014
TR207,Direct Operating,9.142777778,9 March 2014
TR207,Planned Maintenance,0.184444444,9 March 2014
TR207,Planned Maintenance,0.138055556,9 March 2014
TR207,StandBy,1.634722222,9 March 2014
TR207,StandBy,2.324166667,9 March 2014
TR208,Delays,3.7225,9 March 2014
TR208,Direct Operating,3.4625,9 March 2014
TR208,Planned Maintenance,0.148611111,9 March 2014
TR208,StandBy,12,9 March 2014
TR208,StandBy,4.212777778,9 March 2014
TR208,Un-Planned Maintenance,0.453055556,9 March 2014
TR221,Delays,0.7325,9 March 2014
TR221,Delays,0.448611111,9 March 2014
TR221,Direct Operating,10.99166667,9 March 2014
TR221,Direct Operating,9.713333333,9 March 2014
TR221,Planned Maintenance,0.191944444,9 March 2014
TR221,Planned Maintenance,0.361666667,9 March 2014
TR221,StandBy,0.083333333,9 March 2014
TR221,StandBy,1.476666667,9 March 2014
TR222,Delays,0.409166667,9 March 2014
TR222,Delays,0.865555556,9 March 2014
TR222,Direct Operating,10.66611111,9 March 2014
TR222,Direct Operating,9.751944444,9 March 2014
TR222,Planned Maintenance,0.226111111,9 March 2014
TR222,Planned Maintenance,0.203888889,9 March 2014
TR222,StandBy,0.698888889,9 March 2014
TR222,StandBy,1.178333333,9 March 2014
TR223,Delays,0.976111111,9 March 2014
TR223,Delays,0.708055556,9 March 2014
TR223,Direct Operating,10.21166667,9 March 2014
TR223,Direct Operating,9.653888889,9 March 2014
TR223,Planned Maintenance,0.179444444,9 March 2014
TR223,Planned Maintenance,0.184722222,9 March 2014
TR223,StandBy,0.6325,9 March 2014
TR223,StandBy,1.453333333,9 March 2014
TR224,Delays,0.418611111,9 March 2014
TR224,Delays,1.070555556,9 March 2014
TR224,Direct Operating,5.698888889,9 March 2014
TR224,Direct Operating,8.646666667,9 March 2014
TR224,Planned Maintenance,0.173888889,9 March 2014
TR224,Planned Maintenance,0.205277778,9 March 2014
TR224,StandBy,5.708888889,9 March 2014
TR224,StandBy,2.0775,9 March 2014
TRB003,Delays,0.022777778,9 March 2014
TRB003,Delays,0.091666667,9 March 2014
TRB003,Direct Operating,2.780833333,9 March 2014
TRB003,Direct Operating,6.9125,9 March 2014
TRB003,Planned Maintenance,0.735,9 March 2014
TRB003,StandBy,4.2575,9 March 2014
TRB003,StandBy,1.388333333,9 March 2014
TRB003,Un-Planned Maintenance,2.872777778,9 March 2014
TRB004,Un-Planned Maintenance,11.99972222,9 March 2014
TRB004,Un-Planned Maintenance,12,9 March 2014
TRB006,Delays,1.193055556,9 March 2014
TRB006,Direct Operating,8.956388889,9 March 2014
TRB006,Planned Maintenance,11.91333333,9 March 2014
TRB006,StandBy,1.850833333,9 March 2014
TRB006,StandBy,0.086666667,9 March 2014
TRB041,Delays,0.008611111,9 March 2014
TRB041,Delays,0.319444444,9 March 2014
TRB041,Direct Operating,1.037222222,9 March 2014
TRB041,Direct Operating,9.096111111,9 March 2014
TRB041,Planned Maintenance,1.208055556,9 March 2014
TRB041,Planned Maintenance,0.003611111,9 March 2014
TRB041,StandBy,0.624722222,9 March 2014
TRB041,StandBy,1.406666667,9 March 2014
TRB041,Un-Planned Maintenance,9.120833333,9 March 2014
TRB041,Un-Planned Maintenance,1.174166667,9 March 2014
TRB114,Delays,1.621111111,9 March 2014
TRB114,Delays,0.007777778,9 March 2014
TRB114,Direct Operating,8.955,9 March 2014
TRB114,Direct Operating,9.4475,9 March 2014
TRB114,StandBy,1.424166667,9 March 2014
TRB114,StandBy,2.544444444,9 March 2014
TRL3591,Delays,1.101388889,9 March 2014
TRL3591,Delays,1.196666667,9 March 2014
TRL3591,Direct Operating,1.805555556,9 March 2014
TRL3591,Direct Operating,6.481666667,9 March 2014
TRL3591,Planned Maintenance,0.192222222,9 March 2014
TRL3591,Planned Maintenance,0.228611111,9 March 2014
TRL3591,StandBy,8.900555556,9 March 2014
TRL3591,StandBy,2.864444444,9 March 2014
TRL3591,Un-Planned Maintenance,1.228888889,9 March 2014
TRL3592,Delays,0.893888889,9 March 2014
TRL3592,Delays,0.6625,9 March 2014
TRL3592,Direct Operating,6.846666667,9 March 2014
TRL3592,Direct Operating,5.743055556,9 March 2014
TRL3592,Planned Maintenance,0.171944444,9 March 2014
TRL3592,Planned Maintenance,0.28,9 March 2014
TRL3592,StandBy,4.086944444,9 March 2014
TRL3592,StandBy,5.314444444,9 March 2014
TRL3593,Delays,0.8625,9 March 2014
TRL3593,Delays,0.925555556,9 March 2014
TRL3593,Direct Operating,5.098055556,9 March 2014
TRL3593,Direct Operating,8.098055556,9 March 2014
TRL3593,Planned Maintenance,0.206944444,9 March 2014
TRL3593,Planned Maintenance,0.131111111,9 March 2014
TRL3593,StandBy,5.832777778,9 March 2014
TRL3593,StandBy,2.844444444,9 March 2014
TRL3594,Un-Planned Maintenance,12,9 March 2014
TRL3594,Un-Planned Maintenance,12,9 March 2014
TR021,Delays,0.151944444,10 March 2014
TR021,Delays,0.242777778,10 March 2014
TR021,Direct Operating,3.522222222,10 March 2014
TR021,Direct Operating,5.913333333,10 March 2014
TR021,Planned Maintenance,0.288611111,10 March 2014
TR021,StandBy,8.326666667,10 March 2014
TR021,StandBy,5.555,10 March 2014
TR022,StandBy,12,10 March 2014
TR022,StandBy,12,10 March 2014
TR025,Delays,0.421388889,10 March 2014
TR025,Direct Operating,9.582777778,10 March 2014
TR025,StandBy,1.996111111,10 March 2014
TR025,StandBy,12,10 March 2014
TR026,Delays,0.049166667,10 March 2014
TR026,Direct Operating,5.965555556,10 March 2014
TR026,StandBy,12,10 March 2014
TR026,StandBy,5.985555556,10 March 2014
TR027,Delays,1.040277778,10 March 2014
TR027,Direct Operating,5.130277778,10 March 2014
TR027,StandBy,2.4375,10 March 2014
TR027,StandBy,12,10 March 2014
TR027,Un-Planned Maintenance,3.392222222,10 March 2014
TR028,Delays,0.633333333,10 March 2014
TR028,Delays,1.225,10 March 2014
TR028,Direct Operating,9.403333333,10 March 2014
TR028,Direct Operating,7.534166667,10 March 2014
TR028,Planned Maintenance,0.382222222,10 March 2014
TR028,StandBy,1.581666667,10 March 2014
TR028,StandBy,2.854166667,10 March 2014
TR028,Un-Planned Maintenance,0.386111111,10 March 2014
TR029,Delays,0.829444444,10 March 2014
TR029,Direct Operating,7.678055556,10 March 2014
TR029,Planned Maintenance,1.214166667,10 March 2014
TR029,StandBy,12,10 March 2014
TR029,StandBy,2.278333333,10 March 2014
TR030,Delays,1.170833333,10 March 2014
TR030,Delays,1.28,10 March 2014
TR030,Direct Operating,9.287222222,10 March 2014
TR030,Direct Operating,7.9625,10 March 2014
TR030,Planned Maintenance,0.235,10 March 2014
TR030,StandBy,1.306666667,10 March 2014
TR030,StandBy,2.757222222,10 March 2014
TR031,Delays,0.414444444,10 March 2014
TR031,Delays,0.236944444,10 March 2014
TR031,Direct Operating,9.821944444,10 March 2014
TR031,Direct Operating,7.103333333,10 March 2014
TR031,Planned Maintenance,0.592777778,10 March 2014
TR031,StandBy,1.171111111,10 March 2014
TR031,StandBy,3.343611111,10 March 2014
TR031,Un-Planned Maintenance,1.316111111,10 March 2014
TR032,Delays,0.332777778,10 March 2014
TR032,Delays,0.219444444,10 March 2014
TR032,Direct Operating,9.632777778,10 March 2014
TR032,Direct Operating,7.827777778,10 March 2014
TR032,Planned Maintenance,0.1825,10 March 2014
TR032,Planned Maintenance,1.431388889,10 March 2014
TR032,StandBy,1.852777778,10 March 2014
TR032,StandBy,1.233888889,10 March 2014
TR032,Un-Planned Maintenance,1.286944444,10 March 2014
TR201,Delays,1.203611111,10 March 2014
TR201,Delays,1.320555556,10 March 2014
TR201,Direct Operating,8.084166667,10 March 2014
TR201,Direct Operating,7.248055556,10 March 2014
TR201,Planned Maintenance,0.518888889,10 March 2014
TR201,StandBy,2.711666667,10 March 2014
TR201,StandBy,2.912777778,10 March 2014
TR202,Delays,1.094722222,10 March 2014
TR202,Delays,1.610277778,10 March 2014
TR202,Direct Operating,9.352777778,10 March 2014
TR202,Direct Operating,7.549444444,10 March 2014
TR202,Planned Maintenance,0.196388889,10 March 2014
TR202,Planned Maintenance,0.160555556,10 March 2014
TR202,StandBy,1.355833333,10 March 2014
TR202,StandBy,2.68,10 March 2014
TR203,Delays,0.955555556,10 March 2014
TR203,Delays,0.578333333,10 March 2014
TR203,Direct Operating,9.488888889,10 March 2014
TR203,Direct Operating,9.036666667,10 March 2014
TR203,Planned Maintenance,0.199722222,10 March 2014
TR203,Planned Maintenance,0.236111111,10 March 2014
TR203,StandBy,1.355833333,10 March 2014
TR203,StandBy,2.148888889,10 March 2014
TR204,Delays,0.858611111,10 March 2014
TR204,Delays,1.5625,10 March 2014
TR204,Direct Operating,9.512777778,10 March 2014
TR204,Direct Operating,8.927777778,10 March 2014
TR204,Planned Maintenance,0.2225,10 March 2014
TR204,Planned Maintenance,0.108333333,10 March 2014
TR204,StandBy,1.406111111,10 March 2014
TR204,StandBy,1.401388889,10 March 2014
TR205,Un-Planned Maintenance,12,10 March 2014
TR205,Un-Planned Maintenance,12,10 March 2014
TR206,Un-Planned Maintenance,12,10 March 2014
TR206,Un-Planned Maintenance,12,10 March 2014
TR207,Delays,0.9175,10 March 2014
TR207,Delays,1.645833333,10 March 2014
TR207,Direct Operating,9.5425,10 March 2014
TR207,Direct Operating,8.199722222,10 March 2014
TR207,Planned Maintenance,0.103333333,10 March 2014
TR207,StandBy,1.54,10 March 2014
TR207,StandBy,2.050555556,10 March 2014
TR208,Delays,1.000555556,10 March 2014
TR208,Delays,1.903611111,10 March 2014
TR208,Direct Operating,8.8225,10 March 2014
TR208,Direct Operating,7.889166667,10 March 2014
TR208,Planned Maintenance,0.111944444,10 March 2014
TR208,Planned Maintenance,0.056666667,10 March 2014
TR208,StandBy,1.716944444,10 March 2014
TR208,StandBy,2.150277778,10 March 2014
TR208,Un-Planned Maintenance,0.348055556,10 March 2014
TR221,Delays,0.865833333,10 March 2014
TR221,Delays,0.823055556,10 March 2014
TR221,Direct Operating,9.425,10 March 2014
TR221,Direct Operating,9.411111111,10 March 2014
TR221,Planned Maintenance,0.210277778,10 March 2014
TR221,Planned Maintenance,0.221666667,10 March 2014
TR221,StandBy,1.124722222,10 March 2014
TR221,StandBy,1.544722222,10 March 2014
TR221,Un-Planned Maintenance,0.375,10 March 2014
TR222,Delays,1.16,10 March 2014
TR222,Direct Operating,9.652222222,10 March 2014
TR222,Planned Maintenance,0.208611111,10 March 2014
TR222,Planned Maintenance,10.98222222,10 March 2014
TR222,StandBy,0.979166667,10 March 2014
TR222,StandBy,1.018055556,10 March 2014
TR223,Delays,1.189444444,10 March 2014
TR223,Delays,1.461666667,10 March 2014
TR223,Direct Operating,9.524166667,10 March 2014
TR223,Direct Operating,8.229722222,10 March 2014
TR223,Planned Maintenance,0.188333333,10 March 2014
TR223,Planned Maintenance,0.147222222,10 March 2014
TR223,StandBy,1.098888889,10 March 2014
TR223,StandBy,2.161111111,10 March 2014
TR224,Delays,2.028611111,10 March 2014
TR224,Delays,1.003333333,10 March 2014
TR224,Direct Operating,8.075833333,10 March 2014
TR224,Direct Operating,9.067222222,10 March 2014
TR224,Planned Maintenance,0.164722222,10 March 2014
TR224,Planned Maintenance,0.335277778,10 March 2014
TR224,StandBy,1.730833333,10 March 2014
TR224,StandBy,1.594444444,10 March 2014
TRB003,Delays,0.265277778,10 March 2014
TRB003,Delays,0.323333333,10 March 2014
TRB003,Direct Operating,10.01583333,10 March 2014
TRB003,Direct Operating,3.3675,10 March 2014
TRB003,StandBy,1.719166667,10 March 2014
TRB003,StandBy,3.063333333,10 March 2014
TRB003,Un-Planned Maintenance,5.245833333,10 March 2014
TRB004,Un-Planned Maintenance,12,10 March 2014
TRB004,Un-Planned Maintenance,12,10 March 2014
TRB006,Delays,0.365833333,10 March 2014
TRB006,Delays,0.519444444,10 March 2014
TRB006,Direct Operating,10.00666667,10 March 2014
TRB006,Direct Operating,9.133055556,10 March 2014
TRB006,Planned Maintenance,0.707222222,10 March 2014
TRB006,StandBy,0.920277778,10 March 2014
TRB006,StandBy,2.3475,10 March 2014
TRB041,Delays,0.515277778,10 March 2014
TRB041,Delays,0.8425,10 March 2014
TRB041,Direct Operating,7.809444444,10 March 2014
TRB041,Direct Operating,9.743055556,10 March 2014
TRB041,StandBy,1.481944444,10 March 2014
TRB041,StandBy,1.414166667,10 March 2014
TRB041,Un-Planned Maintenance,2.194166667,10 March 2014
TRB114,Delays,0.815555556,10 March 2014
TRB114,Delays,0.207222222,10 March 2014
TRB114,Direct Operating,9.783333333,10 March 2014
TRB114,Direct Operating,8.584722222,10 March 2014
TRB114,StandBy,1.401111111,10 March 2014
TRB114,StandBy,2.476111111,10 March 2014
TRB114,Un-Planned Maintenance,0.731944444,10 March 2014
TRL3591,Delays,1.153611111,10 March 2014
TRL3591,Delays,1.367222222,10 March 2014
TRL3591,Direct Operating,8.65,10 March 2014
TRL3591,Direct Operating,8.326666667,10 March 2014
TRL3591,Planned Maintenance,0.175833333,10 March 2014
TRL3591,Planned Maintenance,0.123888889,10 March 2014
TRL3591,StandBy,2.020833333,10 March 2014
TRL3591,StandBy,2.181944444,10 March 2014
TRL3592,Delays,0.436666667,10 March 2014
TRL3592,Delays,1.253888889,10 March 2014
TRL3592,Direct Operating,1.437777778,10 March 2014
TRL3592,Direct Operating,9.020277778,10 March 2014
TRL3592,Planned Maintenance,0.185555556,10 March 2014
TRL3592,StandBy,1.610277778,10 March 2014
TRL3592,StandBy,1.540277778,10 March 2014
TRL3592,Un-Planned Maintenance,8.514722222,10 March 2014
TRL3593,Delays,0.828888889,10 March 2014
TRL3593,Delays,1.422777778,10 March 2014
TRL3593,Direct Operating,9.305277778,10 March 2014
TRL3593,Direct Operating,8.346666667,10 March 2014
TRL3593,Planned Maintenance,0.185833333,10 March 2014
TRL3593,Planned Maintenance,0.275833333,10 March 2014
TRL3593,StandBy,1.680555556,10 March 2014
TRL3593,StandBy,1.955277778,10 March 2014
TRL3594,Un-Planned Maintenance,12,10 March 2014
TRL3594,Un-Planned Maintenance,12,10 March 2014
TR021,Delays,0.446111111,11 March 2014
TR021,Direct Operating,9.116388889,11 March 2014
TR021,StandBy,1.341388889,11 March 2014
TR021,StandBy,12,11 March 2014
TR021,Un-Planned Maintenance,1.096111111,11 March 2014
TR022,StandBy,12,11 March 2014
TR022,StandBy,12,11 March 2014
TR025,Delays,0.703611111,11 March 2014
TR025,Direct Operating,7.966111111,11 March 2014
TR025,Planned Maintenance,0.994166667,11 March 2014
TR025,StandBy,12,11 March 2014
TR025,StandBy,2.335833333,11 March 2014
TR026,Delays,0.356111111,11 March 2014
TR026,Direct Operating,9.323055556,11 March 2014
TR026,Planned Maintenance,0.248333333,11 March 2014
TR026,StandBy,2.072222222,11 March 2014
TR026,StandBy,12,11 March 2014
TR027,Delays,0.658055556,11 March 2014
TR027,Delays,0.846388889,11 March 2014
TR027,Direct Operating,1.133611111,11 March 2014
TR027,Direct Operating,6.347222222,11 March 2014
TR027,Indirect Operating,0.6575,11 March 2014
TR027,StandBy,9.343888889,11 March 2014
TR027,StandBy,4.148888889,11 March 2014
TR027,Un-Planned Maintenance,0.864444444,11 March 2014
TR028,Delays,0.251388889,11 March 2014
TR028,Delays,1.241388889,11 March 2014
TR028,Direct Operating,6.001944444,11 March 2014
TR028,Direct Operating,9.168888889,11 March 2014
TR028,StandBy,5.323888889,11 March 2014
TR028,StandBy,1.59,11 March 2014
TR028,Un-Planned Maintenance,0.424166667,11 March 2014
TR029,Delays,0.796111111,11 March 2014
TR029,Direct Operating,7.089722222,11 March 2014
TR029,Direct Operating,5.551111111,11 March 2014
TR029,Planned Maintenance,0.656388889,11 March 2014
TR029,Planned Maintenance,4.648611111,11 March 2014
TR029,StandBy,3.457777778,11 March 2014
TR029,StandBy,1.8,11 March 2014
TR030,Delays,0.236666667,11 March 2014
TR030,Direct Operating,7.925,11 March 2014
TR030,Direct Operating,3.582777778,11 March 2014
TR030,StandBy,3.6825,11 March 2014
TR030,StandBy,5.535833333,11 March 2014
TR030,Un-Planned Maintenance,0.155555556,11 March 2014
TR030,Un-Planned Maintenance,2.881666667,11 March 2014
TR031,Delays,0.748055556,11 March 2014
TR031,Direct Operating,9.874722222,11 March 2014
TR031,Planned Maintenance,0.130833333,11 March 2014
TR031,StandBy,1.246388889,11 March 2014
TR031,StandBy,12,11 March 2014
TR032,Delays,1.11,11 March 2014
TR032,Direct Operating,7.405555556,11 March 2014
TR032,StandBy,3.474166667,11 March 2014
TR032,StandBy,12,11 March 2014
TR032,Un-Planned Maintenance,0.010555556,11 March 2014
TR201,Delays,0.658333333,11 March 2014
TR201,Delays,0.084444444,11 March 2014
TR201,Direct Operating,8.098055556,11 March 2014
TR201,Direct Operating,10.44166667,11 March 2014
TR201,Planned Maintenance,0.203888889,11 March 2014
TR201,StandBy,3.04,11 March 2014
TR201,StandBy,1.474166667,11 March 2014
TR202,Delays,0.495277778,11 March 2014
TR202,Direct Operating,8.105555556,11 March 2014
TR202,Direct Operating,8.859166667,11 March 2014
TR202,Planned Maintenance,0.171388889,11 March 2014
TR202,StandBy,3.228055556,11 March 2014
TR202,StandBy,2.821388889,11 March 2014
TR202,Un-Planned Maintenance,0.319444444,11 March 2014
TR203,Delays,0.631111111,11 March 2014
TR203,Delays,0.439722222,11 March 2014
TR203,Direct Operating,7.176111111,11 March 2014
TR203,Direct Operating,9.3375,11 March 2014
TR203,Planned Maintenance,0.168333333,11 March 2014
TR203,StandBy,4.024722222,11 March 2014
TR203,StandBy,2.222777778,11 March 2014
TR204,Delays,1.227222222,11 March 2014
TR204,Delays,0.593888889,11 March 2014
TR204,Direct Operating,7.909444444,11 March 2014
TR204,Direct Operating,8.977222222,11 March 2014
TR204,Planned Maintenance,0.173333333,11 March 2014
TR204,StandBy,2.69,11 March 2014
TR204,StandBy,2.428333333,11 March 2014
TR205,Un-Planned Maintenance,12,11 March 2014
TR205,Un-Planned Maintenance,12,11 March 2014
TR206,Un-Planned Maintenance,12,11 March 2014
TR206,Un-Planned Maintenance,12,11 March 2014
TR207,Delays,0.309444444,11 March 2014
TR207,Delays,0.415,11 March 2014
TR207,Direct Operating,5.156111111,11 March 2014
TR207,Direct Operating,9.6825,11 March 2014
TR207,Planned Maintenance,0.085,11 March 2014
TR207,StandBy,6.448888889,11 March 2014
TR207,StandBy,1.901944444,11 March 2014
TR208,Delays,0.133333333,11 March 2014
TR208,Delays,0.303611111,11 March 2014
TR208,Direct Operating,3.555277778,11 March 2014
TR208,Direct Operating,3.443611111,11 March 2014
TR208,Planned Maintenance,0.065,11 March 2014
TR208,StandBy,8.246388889,11 March 2014
TR208,StandBy,4.078611111,11 March 2014
TR208,Un-Planned Maintenance,4.174166667,11 March 2014
TR221,Delays,0.679166667,11 March 2014
TR221,Delays,0.135555556,11 March 2014
TR221,Direct Operating,6.285555556,11 March 2014
TR221,Direct Operating,8.915555556,11 March 2014
TR221,Planned Maintenance,0.138888889,11 March 2014
TR221,StandBy,4.629444444,11 March 2014
TR221,StandBy,2.949722222,11 March 2014
TR221,Un-Planned Maintenance,0.266666667,11 March 2014
TR222,Delays,0.257777778,11 March 2014
TR222,Direct Operating,8.791111111,11 March 2014
TR222,StandBy,12,11 March 2014
TR222,StandBy,2.951388889,11 March 2014
TR223,Delays,0.491388889,11 March 2014
TR223,Delays,0.249166667,11 March 2014
TR223,Direct Operating,6.486944444,11 March 2014
TR223,Direct Operating,9.457222222,11 March 2014
TR223,Indirect Operating,0.5375,11 March 2014
TR223,Planned Maintenance,0.155833333,11 March 2014
TR223,StandBy,3.478055556,11 March 2014
TR223,StandBy,2.293055556,11 March 2014
TR223,Un-Planned Maintenance,0.850277778,11 March 2014
TR224,Delays,1.189166667,11 March 2014
TR224,Direct Operating,8.855277778,11 March 2014
TR224,Planned Maintenance,0.122777778,11 March 2014
TR224,Planned Maintenance,11.5,11 March 2014
TR224,StandBy,1.832777778,11 March 2014
TR224,StandBy,0.5,11 March 2014
TRB003,Delays,0.47,11 March 2014
TRB003,Delays,1.301944444,11 March 2014
TRB003,Direct Operating,7.484166667,11 March 2014
TRB003,Direct Operating,9.518888889,11 March 2014
TRB003,StandBy,0.976666667,11 March 2014
TRB003,StandBy,1.117777778,11 March 2014
TRB003,Un-Planned Maintenance,3.069722222,11 March 2014
TRB003,Un-Planned Maintenance,0.060833333,11 March 2014
TRB004,Un-Planned Maintenance,12,11 March 2014
TRB004,Un-Planned Maintenance,12,11 March 2014
TRB006,Delays,0.863333333,11 March 2014
TRB006,Direct Operating,9.495833333,11 March 2014
TRB006,StandBy,1.640833333,11 March 2014
TRB006,StandBy,12,11 March 2014
TRB041,Delays,0.336944444,11 March 2014
TRB041,Delays,1.009166667,11 March 2014
TRB041,Direct Operating,7.917222222,11 March 2014
TRB041,Direct Operating,8.000833333,11 March 2014
TRB041,StandBy,1.088055556,11 March 2014
TRB041,StandBy,0.691111111,11 March 2014
TRB041,Un-Planned Maintenance,2.658333333,11 March 2014
TRB041,Un-Planned Maintenance,2.299166667,11 March 2014
TRB114,Delays,0.276111111,11 March 2014
TRB114,Delays,1.118333333,11 March 2014
TRB114,Direct Operating,9.5275,11 March 2014
TRB114,Direct Operating,9.642222222,11 March 2014
TRB114,StandBy,2.196388889,11 March 2014
TRB114,StandBy,1.239444444,11 March 2014
TRL3591,Delays,0.996111111,11 March 2014
TRL3591,Delays,0.256111111,11 March 2014
TRL3591,Direct Operating,6.016111111,11 March 2014
TRL3591,Direct Operating,7.512777778,11 March 2014
TRL3591,Planned Maintenance,0.216666667,11 March 2014
TRL3591,StandBy,4.770555556,11 March 2014
TRL3591,StandBy,3.736388889,11 March 2014
TRL3591,Un-Planned Maintenance,0.494444444,11 March 2014
TRL3592,Delays,1.115555556,11 March 2014
TRL3592,Delays,1.3025,11 March 2014
TRL3592,Direct Operating,8.736388889,11 March 2014
TRL3592,Direct Operating,6.940555556,11 March 2014
TRL3592,Planned Maintenance,0.173888889,11 March 2014
TRL3592,StandBy,1.974722222,11 March 2014
TRL3592,StandBy,3.757777778,11 March 2014
TRL3593,Delays,2.095555556,11 March 2014
TRL3593,Delays,0.288333333,11 March 2014
TRL3593,Direct Operating,7.195833333,11 March 2014
TRL3593,Direct Operating,8.267777778,11 March 2014
TRL3593,Planned Maintenance,0.220833333,11 March 2014
TRL3593,StandBy,2.488055556,11 March 2014
TRL3593,StandBy,3.443611111,11 March 2014
TRL3594,Delays,1.014166667,11 March 2014
TRL3594,Direct Operating,5.316111111,11 March 2014
TRL3594,StandBy,4.033333333,11 March 2014
TRL3594,Un-Planned Maintenance,12,11 March 2014
TRL3594,Un-Planned Maintenance,1.636666667,11 March 2014
TR021,Delays,0.112777778,12 March 2014
TR021,Direct Operating,3.125277778,12 March 2014
TR021,Planned Maintenance,0.346388889,12 March 2014
TR021,StandBy,0.882222222,12 March 2014
TR021,Un-Planned Maintenance,0.473333333,12 March 2014
TR022,StandBy,4.94,12 March 2014
TR025,Delays,0.005277778,12 March 2014
TR025,Direct Operating,2.329722222,12 March 2014
TR025,StandBy,2.605277778,12 March 2014
TR026,Delays,0.099166667,12 March 2014
TR026,Direct Operating,3.598055556,12 March 2014
TR026,StandBy,1.243055556,12 March 2014
TR027,Delays,0.650833333,12 March 2014
TR027,Direct Operating,3.815833333,12 March 2014
TR027,StandBy,0.473611111,12 March 2014
TR028,Delays,0.479722222,12 March 2014
TR028,Direct Operating,3.816388889,12 March 2014
TR028,StandBy,0.644444444,12 March 2014
TR029,Delays,0.363333333,12 March 2014
TR029,Direct Operating,3.912777778,12 March 2014
TR029,Planned Maintenance,0.119166667,12 March 2014
TR029,StandBy,0.545,12 March 2014
TR030,Planned Maintenance,4.869444444,12 March 2014
TR030,StandBy,0.070555556,12 March 2014
TR031,Delays,0.808611111,12 March 2014
TR031,Direct Operating,2.555,12 March 2014
TR031,StandBy,0.6325,12 March 2014
TR031,Un-Planned Maintenance,0.943888889,12 March 2014
TR032,Delays,0.458055556,12 March 2014
TR032,Direct Operating,3.913333333,12 March 2014
TR032,StandBy,0.568888889,12 March 2014
TR201,Delays,0.430833333,12 March 2014
TR201,Direct Operating,2.606388889,12 March 2014
TR201,Planned Maintenance,0.0775,12 March 2014
TR201,StandBy,1.825,12 March 2014
TR202,Delays,1.043611111,12 March 2014
TR202,Direct Operating,2.460833333,12 March 2014
TR202,Planned Maintenance,0.127777778,12 March 2014
TR202,StandBy,1.308055556,12 March 2014
TR203,Delays,0.92,12 March 2014
TR203,Direct Operating,2.649722222,12 March 2014
TR203,Planned Maintenance,0.148055556,12 March 2014
TR203,StandBy,1.2225,12 March 2014
TR204,Delays,0.278333333,12 March 2014
TR204,Direct Operating,2.046666667,12 March 2014
TR204,Planned Maintenance,0.091666667,12 March 2014
TR204,StandBy,2.523611111,12 March 2014
TR205,Un-Planned Maintenance,4.940277778,12 March 2014
TR206,Un-Planned Maintenance,4.940277778,12 March 2014
TR207,Delays,0.299722222,12 March 2014
TR207,Direct Operating,2.287222222,12 March 2014
TR207,Planned Maintenance,0.131388889,12 March 2014
TR207,StandBy,2.221944444,12 March 2014
TR208,Delays,0.274166667,12 March 2014
TR208,Direct Operating,2.161666667,12 March 2014
TR208,StandBy,2.284444444,12 March 2014
TR208,Un-Planned Maintenance,0.22,12 March 2014
TR221,Delays,0.1675,12 March 2014
TR221,Direct Operating,3.535,12 March 2014
TR221,Planned Maintenance,0.156944444,12 March 2014
TR221,StandBy,1.080833333,12 March 2014
TR222,Delays,0.250833333,12 March 2014
TR222,Direct Operating,0.242777778,12 March 2014
TR222,StandBy,0.836666667,12 March 2014
TR222,Un-Planned Maintenance,3.610277778,12 March 2014
TR223,Delays,0.222222222,12 March 2014
TR223,Direct Operating,3.688333333,12 March 2014
TR223,Planned Maintenance,0.181944444,12 March 2014
TR223,StandBy,0.847777778,12 March 2014
TR224,Planned Maintenance,4.940277778,12 March 2014
TRB003,StandBy,4.940555556,12 March 2014
TRB004,Un-Planned Maintenance,4.940277778,12 March 2014
TRB006,Delays,0.619722222,12 March 2014
TRB006,Direct Operating,3.775833333,12 March 2014
TRB006,StandBy,0.543333333,12 March 2014
TRB006,Un-Planned Maintenance,0.001111111,12 March 2014
TRB041,Delays,0.413333333,12 March 2014
TRB041,Direct Operating,3.778055556,12 March 2014
TRB041,StandBy,0.749166667,12 March 2014
TRB114,Delays,0.433611111,12 March 2014
TRB114,Direct Operating,1.476666667,12 March 2014
TRB114,Planned Maintenance,2.301944444,12 March 2014
TRB114,StandBy,0.728333333,12 March 2014
TRL3591,Delays,0.6425,12 March 2014
TRL3591,Direct Operating,2.915555556,12 March 2014
TRL3591,Planned Maintenance,0.155833333,12 March 2014
TRL3591,StandBy,1.226666667,12 March 2014
TRL3592,Delays,0.056111111,12 March 2014
TRL3592,Direct Operating,0.223611111,12 March 2014
TRL3592,StandBy,1.436111111,12 March 2014
TRL3592,Un-Planned Maintenance,3.224166667,12 March 2014
TRL3593,Delays,0.471666667,12 March 2014
TRL3593,Direct Operating,3.095,12 March 2014
TRL3593,Planned Maintenance,0.163333333,12 March 2014
TRL3593,StandBy,1.210277778,12 March 2014
TRL3594,Delays,0.637222222,12 March 2014
TRL3594,Direct Operating,3.036944444,12 March 2014
TRL3594,Planned Maintenance,0.124444444,12 March 2014
TRL3594,StandBy,1.141666667,12 March 2014
